"","VCN.TO","VEE.TO","VFV.TO","VVL.TO","VAB.TO","VBU.TO","XSU.TO"
"1",24.953989,24.178642,44.143147,23.583284,23.086565,23.083908,23.503963
"2",25.166437,24.549507,44.468754,23.987988,23.006983,23.056816,23.942753
"3",24.768093,23.762545,43.743107,22.700291,23.183826,23.255434,23.06517
"4",24.378605,23.545454,43.14772,21.909275,23.289928,23.327662,22.311592
"5",24.679581,24.124367,43.771019,22.341578,23.325298,23.345711,22.645456
"6",25.024807,24.621868,44.338505,22.691092,23.254562,23.336693,23.170101
"7",25.051363,24.721369,44.701332,22.838261,23.387197,23.372791,23.542116
"8",25.449707,24.513325,45.203701,22.755476,23.449087,23.632259,23.933212
"9",25.370039,24.649004,44.757149,22.626709,23.546349,23.514736,23.33226
"10",25.405449,24.531416,44.924603,22.304783,23.625931,23.514736,23.475348
"11",25.210701,24.513325,45.03624,22.626709,23.634764,23.487606,23.523039
"12",25.493967,25.110327,45.864216,23.270557,23.643612,23.568979,24.05722
"13",25.644451,25.508331,46.329369,23.702858,23.634764,23.487606,24.35293
"14",25.848045,25.662106,46.320065,24.098366,23.47562,23.38817,24.68679
"15",25.874609,25.535467,46.143307,23.90521,23.546349,23.451448,24.553247
"16",25.910015,25.72542,46.106102,23.923605,23.47562,23.424328,24.639099
"17",25.856899,25.770647,46.189823,24.006386,23.342987,23.33392,24.667713
"18",25.945425,25.951561,46.320065,24.153553,23.378349,23.31584,24.715408
"19",25.927717,25.861105,46.496822,24.107561,23.422567,23.38817,24.562786
"20",25.927717,26.096289,46.859646,24.337507,23.378349,23.36105,24.753569
"21",26.016235,26.087238,46.720104,24.365103,23.387197,23.379122,24.639099
"22",26.060497,26.394787,47.213161,24.512266,23.449087,23.379122,24.829876
"23",25.839199,26.340517,47.352715,24.641037,23.431406,23.351997,24.77264
"24",25.980831,26.421923,47.250374,24.779007,23.422567,23.397196,24.915728
"25",25.980831,26.421923,47.185246,24.677828,23.502384,23.424328,24.944344
"26",25.989685,26.367649,47.185246,24.613445,23.502384,23.424328,24.915728
"27",26.060497,26.250059,46.887554,24.659431,23.608803,23.487606,24.963423
"28",25.856899,26.141512,46.701492,24.300714,23.520119,23.408831,24.600943
"29",25.954275,26.241018,46.7108,24.190342,23.520119,23.363552,24.810797
"30",25.963129,26.295286,46.552647,24.190342,23.555597,23.426941,24.839415
"31",26.140167,26.838015,47.482948,24.760609,23.528988,23.381664,25.201895
"32",26.388035,27.009882,47.44574,24.944569,23.537859,23.372608,25.182816
"33",26.467693,27.109386,47.34341,25.091732,23.599937,23.417879,25.211433
"34",26.379173,26.928473,46.952671,24.779007,23.635412,23.426941,25.039736
"35",26.458839,27.064157,46.952671,24.870985,23.555597,23.422415,25.163736
"36",26.370323,26.901339,46.831734,24.815794,23.582191,23.454103,25.173277
"37",26.423435,27.118429,46.813133,24.815794,23.546728,23.435991,25.411751
"38",26.343765,26.828974,46.329369,24.668629,23.511251,23.408831,25.201895
"39",26.290655,26.765656,46.431713,24.447882,23.493517,23.490326,25.125584
"40",26.299503,26.783749,46.189823,24.55826,23.520119,23.463165,25.306824
"41",26.264099,26.810879,46.478218,24.58585,23.484644,23.463165,25.316362
"42",26.370323,26.666151,46.803829,24.88018,23.555597,23.454103,25.3736
"43",26.414585,26.44906,46.766613,24.870985,23.582191,23.472218,25.554838
"44",26.175575,26.55761,46.571251,24.824993,23.564463,23.481268,25.335438
"45",26.157867,26.55761,46.51543,24.944569,23.537859,23.445049,25.3736
"46",26.202135,26.485243,46.701492,24.926172,23.502384,23.381664,25.344978
"47",26.272953,26.738518,46.999191,24.898577,23.553932,23.454103,25.573914
"48",26.272953,26.847067,47.185246,25.110126,23.545046,23.435991,25.516682
"49",26.095913,26.620926,47.175945,25.211304,23.580595,23.435991,25.402212
"50",26.299503,26.684242,47.045708,25.165318,23.616154,23.444162,25.316362
"51",26.485397,26.910381,46.924767,25.248095,23.589491,23.407881,25.592993
"52",26.520805,27.073206,46.51543,25.211304,23.598377,23.480436,25.650223
"53",26.520805,27.172707,46.720104,25.330875,23.651711,23.489504,25.821924
"54",26.503099,27.145567,46.701492,25.468843,23.500603,23.389734,25.774231
"55",26.060497,26.566658,45.985165,25.110126,23.393948,23.299044,25.011114
"56",26.210985,26.783749,46.7108,25.386065,23.393948,23.308121,25.306824
"57",25.737921,26.342422,46.441845,25.248095,23.258705,23.235563,24.858492
"58",25.764648,26.433788,46.488529,25.027346,23.312088,23.280905,24.839415
"59",26.014097,26.799274,46.815392,25.13772,23.312088,23.289976,25.144661
"60",25.871555,26.726183,46.82473,25.13772,23.303185,23.289976,25.087429
"61",26.014097,26.918058,46.806053,25.432053,23.338778,23.299044,25.268669
"62",26.049736,27.000294,46.852753,25.238901,23.409966,23.280905,25.240049
"63",26.343725,27.374918,46.992828,25.238901,23.436651,23.299044,25.516682
"64",26.557545,27.420605,47.114223,25.891945,23.490038,23.380672,25.860081
"65",26.343725,27.310953,47.254311,25.606812,23.605707,23.371605,25.736074
"66",26.254639,27.055119,47.095551,25.349272,23.667999,23.426016,25.573914
"67",26.121002,27.292686,47.254311,25.459646,23.694693,23.462299,25.516682
"68",26.423912,27.365782,47.179604,25.505634,23.676899,23.462299,25.745613
"69",26.495178,27.009434,46.908787,25.505634,23.712488,23.471361,25.421286
"70",26.521912,27.13735,47.132908,25.229702,23.641304,23.416952,25.650223
"71",26.379364,27.301821,46.97414,25.367666,23.641304,23.405146,25.516682
"72",26.076458,27.228725,47.020844,25.560822,23.543428,23.34157,25.392675
"73",26.263548,27.566799,47.207623,25.73558,23.481142,23.31432,25.61207
"74",26.254639,27.612484,47.347698,25.809164,23.418861,23.268909,25.554838
"75",26.156641,27.676449,47.459774,25.809164,23.418861,23.287073,25.383137
"76",26.192276,27.320095,46.91811,25.211304,23.356565,23.268909,25.173277
"77",26.299185,27.301821,47.067539,25.404459,23.338778,23.232578,25.173277
"78",26.325909,26.991161,46.70332,25.202105,23.347675,23.386978,24.915728
"79",26.236822,26.972885,46.535225,25.146917,23.285393,23.232578,24.906187
"80",26.227915,26.863239,46.301762,25.01815,23.320986,23.259827,24.829876
"81",26.521912,27.329233,46.572578,25.01815,23.338778,23.305239,24.972963
"82",26.691177,27.493704,46.70332,25.395262,23.356565,23.3234,25.087429
"83",26.682266,27.639894,46.97414,25.570019,23.383263,23.287073,25.020655
"84",26.869356,27.877462,47.366367,25.845957,23.472248,23.34157,24.972963
"85",26.851536,28.133303,47.805309,26.002317,23.454453,23.305239,25.144661
"86",26.753538,28.060204,47.487782,25.873547,23.472248,23.305239,24.934803
"87",26.619902,27.886599,47.506466,25.873547,23.454453,23.268909,24.70587
"88",26.73572,27.703856,47.394394,25.928736,23.337503,23.196249,24.362471
"89",26.619902,27.521118,47.226295,25.79077,23.328568,23.178089,24.333851
"90",26.655542,27.831772,47.366367,25.928736,23.399994,23.205328,24.429243
"91",26.610994,27.575939,46.946136,25.643602,23.391062,23.207146,24.152609
"92",26.299185,27.246994,46.66597,25.551624,23.382133,23.198057,23.89506
"93",26.245726,27.128216,46.423161,25.478041,23.399994,23.188957,23.723358
"94",26.129913,26.927198,46.432495,25.514832,23.453562,23.252642,23.885521
"95",26.361546,27.767813,47.329029,25.845957,23.373207,23.198057,24.410164
"96",26.406092,27.740408,47.272987,25.891945,23.310717,23.161665,24.496014
"97",26.584269,27.192177,48.057453,26.287453,23.123222,22.979719,25.259127
"98",26.593178,26.598259,48.561745,27.041676,23.033943,22.834169,25.716999
"99",26.227915,26.251047,48.711174,27.041676,23.150009,22.834169,26.33703
"100",26.352638,26.141405,48.757862,27.510767,22.819674,22.743193,26.642277
"101",26.628813,26.406382,48.757862,27.648731,22.828606,22.779572,26.699509
"102",26.602093,26.168816,48.60844,27.40959,22.935734,22.770487,26.709045
"103",26.762447,26.333282,49.122063,27.731512,22.8911,22.7159,26.890289
"104",26.842628,26.269321,49.01001,27.501568,22.864321,22.634014,27.004755
"105",27.172262,26.30587,49.019348,27.529161,22.882175,22.643122,27.090605
"106",27.288076,26.707905,49.299519,27.648731,22.900028,22.643122,27.40539
"107",27.261353,26.525158,49.476948,27.915472,22.855389,22.58853,27.558016
"108",27.261353,26.516027,49.729099,27.860285,22.864321,22.58853,27.643862
"109",27.288076,26.799274,49.887859,28.274187,22.900028,22.58853,27.710636
"110",27.118807,26.643946,49.150097,27.565954,22.960875,22.661322,27.271847
"111",27.092079,26.680492,49.299519,27.565954,22.969822,22.67041,27.252768
"112",27.305895,26.735319,49.187447,27.630341,22.889288,22.597631,27.138302
"113",27.198988,26.214502,48.571079,27.262424,22.719276,22.521109,26.937983
"114",27.252445,26.113993,48.440338,27.299213,22.817701,22.612211,26.966602
"115",27.305895,26.232771,48.711174,27.547558,22.817701,22.612211,27.47216
"116",27.368254,26.415514,48.925953,27.547558,22.799818,22.630434,27.758331
"117",27.573164,26.698771,49.383553,28.283384,22.844551,22.685087,27.987268
"118",27.680071,26.698771,49.318188,28.559319,22.737167,22.630434,28.435595
"119",27.715706,26.589121,49.570339,28.504133,22.638741,22.566656,28.464214
"120",27.662249,26.269321,49.336872,28.237398,22.585062,22.548439,28.15897
"121",27.876066,26.506893,49.710415,28.356968,22.594006,22.566656,28.15897
"122",27.617702,26.040894,49.813148,28.51333,22.576103,22.393562,27.815565
"123",27.582073,26.324146,50.270748,28.60531,22.522423,22.430002,28.054039
"124",27.644432,26.095718,50.158676,28.504133,22.540318,22.430002,27.987268
"125",27.671164,26.095718,50.466866,28.439749,22.611898,22.51199,28.187582
"126",27.724619,26.040894,50.550915,28.559319,22.602953,22.493769,28.359285
"127",27.742432,26.031757,50.597607,28.743279,22.602953,22.530212,28.254356
"128",27.795885,25.949526,50.756359,28.844452,22.549259,22.51199,27.968189
"129",27.786978,26.159678,51.008511,28.918037,22.638741,22.484661,28.15897
"130",27.857763,26.473171,50.762627,28.682104,22.674603,22.561331,27.976368
"131",27.938408,26.803169,50.574928,28.598833,22.719437,22.60696,27.918701
"132",27.732319,26.491508,50.068146,28.404537,22.782192,22.661718,27.870649
"133",27.911528,26.794004,50.490463,28.635841,22.827028,22.634348,28.005198
"134",28.144495,26.803169,50.302769,28.802382,22.809088,22.698231,28.456896
"135",28.278902,26.949841,50.049389,28.450796,22.827028,22.789503,28.178188
"136",28.135532,26.812342,50.199535,28.50631,22.764267,22.716484,28.06286
"137",27.938408,26.757343,50.030605,28.256498,22.835993,22.752991,27.86104
"138",28.010088,26.949841,50.039993,28.432291,22.835993,22.762119,28.139748
"139",28.117613,27.014006,49.936764,28.469301,22.862886,22.762119,28.158968
"140",28.001127,27.004835,49.702141,28.256498,22.871861,22.771244,27.947536
"141",28.117613,26.968174,49.739685,28.367523,22.77323,22.707352,28.149359
"142",28.072811,27.014006,50.190155,28.524815,22.782192,22.780369,28.168579
"143",28.010088,26.748175,49.31736,28.099209,22.818064,22.798624,27.764935
"144",27.938408,27.096504,50.199535,28.413786,22.764267,22.661718,27.870649
"145",27.96529,27.133171,50.20892,28.55257,22.710468,22.625221,27.649605
"146",28.22514,27.224834,50.396626,28.571077,22.710468,22.652597,27.774542
"147",28.099695,27.472338,50.09631,28.395285,22.800127,22.743864,27.678438
"148",28.368505,27.454002,50.002449,28.617338,22.701504,22.661718,28.110914
"149",28.413307,27.481503,50.039993,28.635841,22.593912,22.588711,28.351181
"150",28.359543,27.454002,50.143227,28.571077,22.602879,22.643463,28.235851
"151",28.278902,27.536505,50.218307,28.469301,22.638853,22.661718,28.130136
"152",28.001127,27.362341,49.861679,28.21949,22.647831,22.643463,27.774542
"153",27.956326,27.151508,49.401825,27.960424,22.683796,22.661718,27.937923
"154",27.974247,27.316505,49.580135,28.200983,22.692785,22.635176,27.957146
"155",27.96529,27.344,49.486294,27.98818,22.683796,22.671791,27.851429
"156",28.117613,27.509003,49.880451,28.395285,22.701782,22.662636,28.264681
"157",28.081774,27.582338,50.021221,28.284254,22.755718,22.717558,28.034031
"158",28.153458,27.628168,50.330929,28.395285,22.791685,22.772469,27.937923
"159",28.22514,27.829836,50.330929,28.404537,22.908577,22.818237,27.899485
"160",28.386427,27.967335,50.574928,28.589581,22.809669,22.772469,28.283905
"161",28.574594,28.077332,50.574928,28.663601,22.809669,22.726704,28.514559
"162",28.637318,28.196497,50.790783,28.700609,22.746727,22.717558,28.572224
"163",28.700037,28.205664,50.978477,28.857899,22.701782,22.653486,28.658716
"164",28.78964,28.407328,51.260025,29.033691,22.683796,22.626028,28.822098
"165",28.825481,28.333998,51.241257,28.931917,22.746727,22.708399,28.735601
"166",28.78964,28.260668,51.382027,28.913408,22.764713,22.754164,28.735601
"167",28.924046,28.627327,51.870041,29.135466,22.755718,22.754164,28.966255
"168",28.78964,28.700659,51.860649,29.172474,22.791685,22.763323,28.822098
"169",28.682117,28.645664,51.757427,29.107706,22.854626,22.799934,28.629887
"170",28.243057,28.324827,51.813728,28.959671,22.95463,22.891462,28.610666
"171",28.252018,28.324827,52.095284,29.172474,22.891562,22.836544,28.898983
"172",28.036972,28.379826,52.461281,29.246494,22.918585,22.809084,28.466507
"173",28.386427,28.902328,53.381001,29.847893,22.828501,22.718405,29.05275
"174",28.287859,28.526495,53.315304,29.607332,22.837503,22.681753,28.677937
"175",28.431229,28.746498,53.268379,29.662848,22.855524,22.681753,28.629887
"176",28.467068,28.84733,53.230843,29.413036,22.855524,22.690914,28.437674
"177",28.431229,28.87483,53.09008,29.339016,22.801464,22.635944,28.255072
"178",28.243057,28.764828,53.30592,29.468548,22.747419,22.590145,28.072472
"179",28.234098,28.553999,53.399776,29.403784,22.711386,22.526026,27.918701
"180",28.234098,28.673161,53.381001,29.570322,22.711386,22.562664,28.06286
"181",28.296822,29.012327,53.362232,29.607332,22.612284,22.507702,28.178188
"182",28.036972,28.929825,53.34346,29.514809,22.684364,22.507702,27.995586
"183",28.278902,29.241491,53.061913,29.468548,22.774443,22.635944,28.456896
"184",28.368505,29.525656,53.146378,29.644342,22.765442,22.617632,28.495335
"185",28.22514,29.470659,53.043152,29.570322,22.828501,22.672592,28.601053
"186",28.135532,29.791491,52.996227,29.44079,22.855524,22.690914,28.466507
"187",27.884645,29.452326,52.376831,29.005932,22.873543,22.782522,27.668829
"188",27.956722,29.504669,52.311134,28.904158,22.942163,22.791677,27.639997
"189",28.100878,29.559763,52.339283,29.116962,22.951193,22.782522,27.822598
"190",28.145922,29.715874,52.422222,29.14472,22.978277,22.810003,27.832207
"191",28.245031,29.614861,52.365685,29.209486,23.041475,22.828318,27.899485
"192",28.434233,29.697506,52.770943,29.431538,22.978277,22.782522,28.110914
"193",28.560364,29.624044,52.629566,29.385277,23.041475,22.791677,28.20702
"194",28.407202,29.486301,52.789806,29.487055,22.987305,22.782522,28.418453
"195",28.380171,29.19245,52.525902,29.376024,22.987305,22.782522,28.543392
"196",28.443237,29.568951,52.780373,29.27425,23.06856,22.849506,28.178188
"197",28.587391,29.715874,52.893471,29.320513,23.095648,22.831154,28.06286
"198",28.54685,29.697506,52.827496,29.14472,23.104677,22.89539,27.812988
"199",28.65947,29.605679,52.912327,29.237242,23.158852,22.877039,28.053251
"200",28.578382,29.605679,52.855782,29.227991,23.086622,22.840336,28.06286
"201",28.704514,29.293463,52.554173,29.079952,23.06856,22.849506,28.120525
"202",28.65947,29.311827,52.497623,29.14472,23.158852,22.932098,28.331955
"203",28.542343,29.275095,52.054646,28.857899,23.203995,22.959631,27.985975
"204",28.344135,29.275095,51.960403,28.774628,23.285254,23.005508,27.678438
"205",28.605413,29.449572,52.318542,28.876402,23.249138,22.996336,27.995586
"206",28.488287,29.284277,52.450493,28.913408,23.321371,23.088102,28.005198
"207",28.326117,29.275095,52.733257,29.14472,23.321371,23.042212,28.120525
"208",28.497297,29.568951,53.129101,29.505558,23.285254,23.014683,28.495335
"209",28.488287,29.614861,53.091412,29.514809,23.316929,22.996336,28.389622
"210",28.704514,29.972996,53.685173,30.079197,23.280725,22.98715,28.764435
"211",28.749561,30.303577,54.231834,30.449289,23.235491,22.913746,29.033527
"212",28.578382,30.276031,54.392067,30.615833,23.298822,22.932098,29.216129
"213",28.290073,30.2393,54.467464,30.541813,23.289774,22.959631,29.168077
"214",28.470264,30.432138,54.476883,30.449289,23.344063,22.97798,28.783653
"215",28.425219,30.579063,54.693668,30.449289,23.271679,22.931955,28.956648
"216",28.497297,30.799452,54.872742,30.634336,23.416451,22.977983,28.774044
"217",28.380171,30.624989,54.825619,30.440041,23.380257,22.941156,28.629887
"218",28.10988,30.395409,55.051819,30.699106,23.380257,22.922741,28.581831
"219",28.425219,30.340311,54.844471,30.754618,23.371212,22.931955,28.754822
"220",28.578382,30.2393,55.004696,30.754618,23.335022,22.895124,28.629887
"221",28.425219,30.615799,55.080097,30.736115,23.262632,22.858295,28.639496
"222",28.542343,30.725994,54.882164,30.643587,23.244537,22.876715,28.831709
"223",28.389179,30.762728,54.919872,30.560318,23.226444,22.895124,28.620277
"224",28.380171,30.98312,54.901012,30.45854,23.262632,22.95957,28.447285
"225",28.560364,31.120857,54.872742,30.523314,23.25359,22.968773,28.68755
"226",28.407202,31.019842,54.66539,30.347517,23.262632,22.968773,28.68755
"227",27.911674,30.606617,53.788857,29.866396,23.461699,23.097662,27.909092
"228",27.911674,30.064829,53.958511,29.903406,23.470737,23.088451,28.014811
"229",28.245031,30.358677,53.949081,30.023687,23.488834,23.097662,28.139748
"230",28.290073,30.349501,54.34494,30.153221,23.449842,23.033222,28.437674
"231",28.172951,30.230112,54.099884,29.931162,23.449842,23.070038,28.466507
"232",28.15493,30.514786,54.580563,30.116207,23.495178,23.088451,28.476114
"233",28.145922,30.523972,54.53344,29.940416,23.513327,23.070038,28.456896
"234",28.16394,30.579063,54.835037,29.940416,23.540524,23.106871,28.447285
"235",28.064837,30.505604,54.495743,29.884899,23.540524,23.116062,28.235851
"236",28.037809,30.377047,54.655964,29.894156,23.549591,23.106871,28.216631
"237",28.272053,30.643345,55.08952,30.282747,23.53145,23.111473,28.735601
"238",28.208994,30.652534,55.193195,30.393776,23.604004,23.212921,28.927814
"239",28.172951,30.634167,55.098938,30.208733,23.604004,23.148375,28.764435
"240",28.254036,30.569887,54.797337,29.977427,23.631208,23.222139,28.754822
"241",28.10988,30.707626,55.221474,30.245741,23.576792,23.185257,28.754822
"242",28.16394,30.753546,55.174339,30.384525,23.576792,23.166809,29.168077
"243",28.299084,30.459686,54.910439,30.393776,23.540524,23.129919,29.283403
"244",28.127905,30.02809,54.354355,30.106956,23.486118,23.139143,29.216129
"245",28.10988,29.936262,54.184711,30.116207,23.350094,23.148375,29.350677
"246",27.749496,29.927082,54.175282,30.023687,23.467978,23.222139,29.187298
"247",27.74049,29.780155,54.222404,29.894156,23.477045,23.176035,29.05275
"248",27.776529,29.743422,54.01506,29.746119,23.477045,23.222139,28.956648
"249",27.920683,29.927082,54.420345,29.884899,23.431707,23.194477,29.187298
"250",27.69544,29.669962,54.278965,29.625837,23.522385,23.231365,28.908592
"251",27.679123,29.888725,54.495743,29.662848,23.55238,23.231365,28.831709
"252",27.833254,29.842573,54.118736,29.551819,23.55238,23.240591,28.947033
"253",28.014572,29.98103,54.248325,29.635088,23.597836,23.259037,29.121746
"254",28.023636,30.257948,54.219936,29.829388,23.625107,23.351259,29.160357
"255",27.996441,29.777958,53.50106,29.681355,23.452393,23.194477,28.948002
"256",28.132437,29.648727,53.368626,29.764622,23.406944,23.286694,29.334103
"257",27.878582,29.261045,52.829445,29.496305,23.31604,23.157581,29.14105
"258",27.787916,29.390274,52.782154,29.607332,23.31604,23.111473,29.150705
"259",27.733521,29.390274,52.990253,29.773876,23.170605,23.120695,29.420975
"260",27.778851,29.473347,52.971344,29.792379,23.188778,23.04772,29.208616
"261",27.606598,29.150278,52.498383,29.561069,23.188778,23.04772,28.851473
"262",27.506868,29.01182,52.488918,29.450043,23.097887,23.029245,29.131397
"263",27.697252,29.251812,52.545677,29.376024,23.106974,23.066198,28.98661
"264",27.74259,29.537962,52.659184,29.4778,23.116064,23.066198,29.073484
"265",27.778851,29.648727,52.299744,29.200232,23.125154,23.121622,29.314796
"266",27.74259,29.741037,52.328114,29.394531,23.016071,23.075432,29.314796
"267",27.842312,29.888725,52.242981,29.302008,23.061527,23.093904,29.36306
"268",27.79698,29.796421,52.413246,29.357519,23.070616,23.103138,29.420975
"269",27.787916,29.667191,52.167309,29.163223,23.106974,23.167803,29.343752
"270",27.969242,29.916414,52.347031,29.348267,23.079706,23.19552,29.62368
"271",27.987375,29.842573,52.337574,29.394531,23.088785,23.204758,29.652637
"272",27.842312,29.639498,52.063255,29.098457,23.104279,23.23247,29.507847
"273",27.760721,29.667191,51.921375,29.061447,23.067837,23.213995,29.546457
"274",27.905781,29.630264,52.053799,29.329765,22.903843,23.112387,29.816727
"275",27.851383,29.713339,51.807861,29.283501,22.967621,23.158571,29.652637
"276",27.869511,29.833342,52.195686,29.366772,22.867401,23.149334,29.440279
"277",27.760721,29.639498,51.66597,29.098457,22.803633,23.19552,29.392017
"278",27.787916,29.768724,51.770023,29.181726,22.812744,23.19552,29.314796
"279",27.887648,30.045645,52.176769,29.514809,22.940296,23.224209,29.372713
"280",27.978312,30.184103,52.337574,29.468548,23.004066,23.205694,29.073484
"281",27.869511,30.137949,52.252441,29.385277,23.049614,23.27047,28.880434
"282",27.987375,30.359484,52.659184,29.699854,23.049614,23.233456,29.034872
"283",27.969242,30.599483,52.697025,29.746119,22.958511,23.205694,29.005911
"284",27.896711,30.497944,52.838905,29.598082,23.004066,23.224209,28.745296
"285",27.633789,29.897953,52.271358,29.246494,23.104279,23.233456,28.233711
"286",27.588457,29.870264,52.120014,28.978176,23.08606,23.279718,28.253017
"287",27.733521,30.230253,52.801071,29.376024,23.08606,23.27047,28.668077
"288",27.715389,30.257948,52.895664,29.283501,23.040506,23.214952,28.446068
"289",27.665522,30.377951,52.451088,29.116962,23.07695,23.261219,28.446068
"290",27.579397,30.036415,51.86462,28.774628,23.08606,23.261219,27.944136
"291",27.425268,30.045645,51.363274,28.534067,23.095169,23.288975,27.953785
"292",27.434338,30.11026,51.391663,28.478554,23.058731,23.279718,27.924829
"293",27.506868,30.341022,51.88353,28.55257,23.024021,23.242708,28.214405
"294",27.651928,30.442562,51.628143,28.645092,23.08795,23.325987,28.185446
"295",27.66099,30.479483,51.438946,28.589581,23.042286,23.27047,28.262671
"296",27.633789,30.636404,51.344372,28.672852,23.060555,23.325987,28.339891
"297",27.597527,30.627174,51.438946,28.626591,23.060555,23.316732,28.446068
"298",27.670055,30.654869,51.590298,28.682104,23.115358,23.34449,28.475025
"299",27.778851,30.922554,52.242981,28.839396,23.124483,23.34449,28.639118
"300",27.942045,30.701015,51.978123,28.774628,23.124483,23.381495,28.909389
"301",27.905781,30.682556,51.656513,28.691357,23.014893,23.356478,29.073484
"302",27.679123,30.433331,51.278145,28.210238,23.106226,23.430628,28.812862
"303",27.651928,30.257948,50.795738,27.98818,22.95096,23.402815,28.861124
"304",27.597527,30.147186,50.360603,27.69211,22.978357,23.439892,28.783905
"305",27.506868,30.008724,50.379528,27.756876,22.887032,23.44916,28.803213
"306",27.624725,30.248718,50.814651,28.034443,22.877895,23.328669,29.121746
"307",27.824184,30.396408,51.221394,28.404537,22.841366,23.300867,29.276184
"308",27.806047,30.230253,51.287605,28.441544,22.823101,23.310131,29.343752
"309",27.905781,30.276413,51.268688,28.404537,22.78657,23.291595,29.32445
"310",27.905781,30.470253,51.372742,28.469301,22.795704,23.328669,29.449934
"311",28.032705,30.756407,51.911915,28.820887,22.759165,23.273056,29.642982
"312",28.123365,30.682556,51.86462,28.913408,22.795704,23.263792,29.633331
"313",28.295769,30.659266,52.106819,29.079952,22.743532,23.235987,29.739508
"314",28.441719,30.743128,52.021336,29.084578,22.752682,23.235987,29.739508
"315",28.432594,30.575392,52.030834,29.190977,22.752682,23.291595,29.836035
"316",28.578545,30.081488,52.068825,29.116962,22.825903,23.337936,29.864992
"317",28.487328,30.034893,51.973846,29.283501,22.789297,23.337936,30.029083
"318",28.742735,30.156038,52.714699,29.736862,22.743532,23.217445,30.54067
"319",28.81571,30.072166,52.600731,29.699854,22.743532,23.254524,30.637194
"320",28.861317,30.500841,52.904655,29.949667,22.825903,23.254524,30.704763
"321",28.961664,30.556753,53.341579,30.162472,22.789297,23.196974,31.042603
"322",29.01639,30.948151,53.351074,30.217985,22.761833,23.252663,31.090866
"323",29.01639,30.929508,53.360573,30.097702,22.770996,23.271233,31.042603
"324",29.134979,31.376816,54.082432,30.430786,22.816748,23.243383,31.119827
"325",29.034634,31.171806,53.911461,30.310505,22.816748,23.187685,31.090866
"326",29.116728,31.29295,53.806992,30.245741,22.816748,23.2341,31.023298
"327",29.171459,31.255665,53.68351,30.162472,22.835056,23.261948,31.023298
"328",29.071117,31.283625,53.636028,30.023687,22.889971,23.271233,30.994343
"329",29.180584,31.609789,53.749996,30.190228,22.954039,23.289799,30.946079
"330",29.180584,31.684345,54.034939,30.254993,22.963186,23.308357,30.936424
"331",29.207947,31.53524,54.082432,30.227236,23.008945,23.308357,30.820595
"332",29.162334,31.395454,53.854473,30.190228,22.972338,23.2341,30.984688
"333",29.198824,31.227716,53.930466,30.097702,23.036402,23.271233,30.907469
"334",29.28092,31.675024,54.804291,30.717609,22.979532,23.224817,31.071558
"335",29.262682,31.479324,54.737804,30.606583,23.007053,23.224817,30.849548
"336",29.353895,31.628429,54.956261,30.911907,22.979532,23.215527,30.897812
"337",29.271801,31.852087,55.231709,30.847137,23.01622,23.178406,30.743376
"338",29.353895,31.88936,55.554646,31.170967,23.034573,23.150562,30.810944
"339",29.463358,32.159607,55.849091,31.0877,23.089609,23.169125,31.032953
"340",29.572817,31.880045,55.668625,30.985924,23.163004,23.261948,30.695112
"341",29.645796,32.243481,56.067539,31.254242,23.181347,23.2341,30.946079
"342",29.645796,32.262112,55.972565,31.226482,23.172173,23.242464,30.72407
"343",29.627546,32.187561,55.763599,31.050692,23.218044,23.270367,30.839901
"344",29.609304,31.898674,55.725605,30.911907,23.236387,23.251762,30.791639
"345",29.764374,32.094376,55.611633,30.85639,23.29143,23.288952,30.839901
"346",29.809986,32.038467,55.839588,30.782375,23.337297,23.298243,30.4538
"347",29.782623,32.019817,55.668625,30.652842,23.318949,23.298243,30.511711
"348",29.755251,31.796162,55.326687,30.36602,23.263906,23.251762,30.386229
"349",29.654909,31.684345,55.326687,30.384525,23.218044,23.186684,30.386229
"350",29.636673,31.740253,55.564144,30.384525,23.181347,23.195986,30.376577
"351",29.417746,31.54455,55.469158,30.393776,23.227215,23.223875,30.299355
"352",29.372137,31.367504,55.279205,30.440041,23.273087,23.261063,30.15457
"353",29.463358,31.870716,55.74461,30.615833,23.190516,23.214575,30.617891
"354",29.572817,32.103695,55.621143,30.810129,23.236387,23.279654,30.753025
"355",29.600185,32.355309,55.896568,30.948915,23.214327,23.223875,30.965384
"356",29.746134,32.718742,56.153027,30.967419,23.269491,23.261063,31.26461
"357",29.737007,32.569641,55.763599,30.911907,23.315456,23.33544,31.283913
"358",29.737007,32.793293,55.877586,31.013681,23.333851,23.251762,31.370792
"359",29.782623,32.793293,55.915569,30.921158,23.361427,23.279654,31.26461
"360",29.654909,32.271431,56.134029,30.958166,23.366955,23.316843,31.177738
"361",29.641232,32.616241,56.89389,31.531809,23.440668,23.279654,31.660366
"362",29.527208,32.262112,57.083847,31.994427,23.422241,23.214575,31.766544
"363",29.773497,32.131653,57.786709,32.327507,23.422241,23.223875,31.843765
"364",29.700529,31.367504,56.760902,31.531809,23.413033,23.362619,31.679672
"365",29.572817,31.46069,56.732414,31.781622,23.376167,23.222942,31.583145
"366",29.472483,31.395454,56.504456,31.781622,23.431454,23.278811,31.274269
"367",29.472483,31.246349,56.884384,31.642838,23.468309,23.297438,31.100519
"368",29.654909,31.451366,57.321304,31.846384,23.495953,23.278811,31.332174
"369",29.809986,31.814812,57.682228,32.003677,23.495953,23.278811,31.361139
"370",29.819107,32.029137,57.853191,32.10545,23.514381,23.241566,31.332174
"371",29.855591,31.80549,58.024162,32.197971,23.495953,23.260189,31.254959
"372",29.864717,32.029137,57.786709,32.10545,23.523592,23.316057,31.438358
"373",29.654909,31.675024,57.292805,31.661341,23.523592,23.306751,31.071558
"374",29.714205,32.047775,58.271111,32.17947,23.578875,23.316057,31.525232
"375",29.882956,32.336666,58.60355,32.558811,23.551235,23.306751,31.930641
"376",29.882956,32.290073,58.413578,32.54031,23.459093,23.204321,31.660366
"377",29.955931,32.243481,58.23312,32.475544,23.376167,23.176384,31.747244
"378",29.992422,32.290073,57.89119,32.295124,23.348526,23.204321,31.882376
"379",29.955931,32.523048,57.796204,32.743858,23.385391,23.204321,31.795502
"380",30.001541,32.336666,57.378292,32.049938,23.422241,23.250874,31.824461
"381",30.068541,32.457291,57.143761,32.022743,23.369583,23.249943,31.866196
"382",30.077724,32.466652,56.914963,31.910217,23.360348,23.277933,31.681778
"383",30.206224,32.850037,57.000759,32.060253,23.258745,23.193966,31.92444
"384",30.398966,33.280182,57.553699,32.182152,23.295694,23.184637,31.99238
"385",30.490753,33.354988,57.639507,32.369698,23.267979,23.212624,32.07003
"386",30.371433,33.429798,57.620441,32.210285,23.175613,23.221954,32.147682
"387",30.298006,33.467209,57.792038,32.266548,23.175613,23.221954,32.205921
"388",30.307182,33.551365,58.04945,32.463467,23.138666,23.16597,32.137978
"389",30.16033,33.635521,58.364052,32.772915,23.175613,23.13798,32.128273
"390",30.27047,33.803833,58.669125,33.129246,23.184849,23.16597,32.681534
"391",30.316359,34.000214,58.831188,33.288651,23.157137,23.13798,32.798016
"392",30.426504,34.318138,59.393673,33.129246,23.175613,23.287262,32.817425
"393",30.288822,33.710335,58.478451,32.913567,23.194084,23.184637,32.438873
"394",30.343903,34.205936,58.955132,33.082352,23.184849,23.147318,32.691246
"395",30.261293,34.215279,58.869331,32.904186,23.147907,23.109995,32.477699
"396",30.398966,34.785698,59.498535,33.157372,23.129427,23.044691,32.904789
"397",30.38061,34.925949,59.717804,33.504326,23.138666,23.044691,33.050381
"398",30.426504,34.97271,59.765472,33.448055,23.166376,23.07268,33.176563
"399",30.27965,35.01012,59.279266,33.194881,23.138666,23.035364,32.982433
"400",30.132793,35.000767,59.46994,33.204254,23.157137,23.128654,32.963024
"401",30.178686,35.328049,59.918015,33.335537,23.157137,23.082005,33.089207
"402",29.930868,34.804405,59.660603,33.157372,23.150654,23.054014,32.933907
"403",29.673872,34.364899,58.936054,32.660385,23.095072,23.026028,32.603889
"404",29.70141,34.542572,58.840733,32.566612,23.10433,23.016705,32.448586
"405",29.508661,34.103073,58.650059,32.45409,23.020952,22.889585,32.497112
"406",29.031382,33.710335,58.097115,32.163399,23.011694,22.880236,31.866196
"407",28.526571,32.915493,56.152283,32.332184,23.03022,22.955011,30.740253
"408",28.563282,33.663578,57.086567,31.807068,22.99316,23.00174,31.021734
"409",28.48068,32.88744,57.105644,31.835201,22.946846,22.926975,31.041151
"410",27.985043,31.924294,55.160797,30.916248,22.95611,22.880236,30.157867
"411",27.902433,32.373135,55.904408,30.981888,22.95611,22.80547,30.429647
"412",28.306286,32.79393,56.752895,31.469496,22.974638,22.78677,30.662601
"413",28.260393,33.03706,56.876823,31.319466,22.99316,22.80547,30.759666
"414",28.526571,33.495258,57.220039,31.675793,22.919056,22.730698,31.332344
"415",28.627533,34.028263,57.763435,31.863335,22.928318,22.749388,31.623539
"416",28.728493,34.131126,58.201981,32.200909,23.03949,22.768082,31.798248
"417",28.682602,34.037613,58.306847,32.294678,22.99316,22.749388,31.526468
"418",28.884527,34.121769,58.163849,32.397827,22.974638,22.711998,31.594419
"419",28.866171,34.22464,58.344994,32.182152,23.020952,22.711998,31.507055
"420",29.123163,34.62672,59.012333,32.48222,23.095072,22.758734,31.856491
"421",29.233309,35.000767,59.736881,32.82917,23.109919,22.777428,32.128273
"422",29.187414,34.374249,59.517601,32.707268,23.072792,22.721348,31.662359
"423",28.815687,34.065674,59.222065,32.566612,23.156322,22.758734,31.128508
"424",28.609171,34.028263,58.297321,32.022743,23.230576,22.740944,31.002325
"425",28.627533,34.318138,58.926533,32.44471,23.184164,22.750301,31.584715
"426",28.921238,34.645428,60.013344,32.96983,23.147039,22.740944,31.817663
"427",28.912062,34.495815,59.651073,32.951077,23.100634,22.759668,32.147682
"428",28.792742,34.495815,59.708275,32.93232,23.054232,22.750301,32.438873
"429",28.893702,34.495815,59.994274,32.86668,23.082079,22.769033,32.322399
"430",28.939598,34.925949,60.61396,33.007339,23.044952,22.740944,32.904789
"431",29.040558,35.11298,60.728363,33.147995,23.072792,22.750301,32.972729
"432",29.113987,35.150383,60.928562,33.38242,23.137766,22.769033,32.817425
"433",29.141527,35.10363,60.480484,33.213631,23.212011,22.815845,32.642715
"434",29.178238,35.253242,60.938099,33.32616,23.276978,22.806482,32.467995
"435",29.288378,35.253242,61.27177,33.644978,23.276978,22.778397,32.749485
"436",29.040558,34.823097,60.223083,33.260517,23.276978,22.778397,32.351524
"437",29.095633,35.197136,60.41375,33.298023,23.230576,22.740944,32.370926
"438",29.224129,34.869854,59.479473,33.054222,23.119198,22.731585,32.545647
"439",28.673422,33.81319,58.058979,32.257172,23.276978,22.78776,31.807955
"440",28.361355,33.205376,56.657555,31.600773,23.221296,22.797115,31.128508
"441",28.519333,34.141094,58.041363,32.163399,23.128475,22.759668,31.778841
"442",28.389994,33.747696,57.18964,31.900843,23.276978,22.862656,31.167337
"443",28.325329,33.597836,57.208775,32.210285,23.323387,22.853289,31.17704
"444",28.72258,34.103634,57.859531,32.397827,23.370842,22.909468,31.516768
"445",28.436188,33.654034,56.634586,31.703924,23.305704,22.866323,30.749958
"446",28.380756,33.700863,56.758991,31.938349,23.240582,22.847559,31.118803
"447",28.334566,33.738327,57.428886,31.835201,23.166149,22.856945,31.604128
"448",28.72258,33.757069,57.744694,32.341564,23.156851,22.819427,31.788551
"449",28.42695,33.204437,56.491039,31.966478,23.212671,22.875694,31.17704
"450",28.519333,33.026474,56.452759,31.975857,23.221975,22.866323,31.206163
"451",28.565529,33.335567,56.8834,32.088383,23.175451,22.866323,31.788551
"452",28.574768,33.288738,56.452759,32.032124,23.156851,22.866323,31.837078
"453",28.602478,33.344936,57.036522,32.154022,23.091724,22.847559,32.060326
"454",28.620956,33.045212,56.940826,32.097759,23.175451,22.847559,31.905025
"455",28.657913,32.979641,57.227917,32.275921,23.147545,22.847559,32.186512
"456",28.759533,32.960903,57.744694,32.360317,23.203365,22.847559,32.516529
"457",29.092121,33.382401,58.137058,32.735401,23.147545,22.79129,32.594181
"458",28.925829,33.298111,57.964798,32.679138,23.08242,22.725628,32.458286
"459",28.990499,33.148235,57.888245,32.801041,23.035908,22.659983,32.21563
"460",29.129076,33.166977,58.309322,33.054222,23.063812,22.659983,32.147682
"461",29.018213,32.91407,57.371464,32.922943,23.054508,22.613087,31.99238
"462",29.082884,32.773579,57.476738,33.129246,22.998682,22.566193,31.934145
"463",29.341566,33.213799,58.414589,33.213631,23.063812,22.641224,32.089447
"464",29.369282,33.260639,58.347591,33.166748,23.091724,22.669355,31.972967
"465",29.286133,33.035843,57.840393,32.904186,23.111305,22.683422,31.778841
"466",29.313847,32.904709,58.060505,32.876057,23.027372,22.638323,31.934145
"467",29.332325,32.726742,57.658569,32.86668,23.018047,22.647726,32.0215
"468",29.304609,32.576878,57.428886,32.55724,23.083323,22.657118,31.846786
"469",29.53557,32.745476,58.280609,32.86668,23.083323,22.680607,32.244751
"470",29.664909,32.736111,58.596416,32.997959,23.083323,22.675909,32.506828
"471",29.729582,33.063938,58.816525,33.072975,23.073999,22.647726,32.633003
"472",29.821966,32.85788,58.969639,33.101109,23.018047,22.600735,32.856255
"473",29.988256,33.27,59.08448,33.110485,23.036697,22.666515,33.011555
"474",30.052927,33.213799,59.333302,33.213631,23.073999,22.675909,33.089207
"475",30.256182,33.335567,59.486412,33.32616,23.018047,22.657118,32.963024
"476",30.293135,32.87661,59.400284,33.288651,22.906122,22.534948,32.933907
"477",30.311613,33.157604,59.304588,33.307404,22.906122,22.544353,33.273624
"478",30.376278,32.708004,59.275871,33.401173,22.887468,22.516151,33.467754
"479",30.376278,32.633076,59.562977,33.457436,22.915455,22.581942,33.535702
"480",30.385517,32.782948,59.515125,33.523079,22.934099,22.581942,33.487171
"481",30.34856,32.679905,59.706528,33.298023,23.018047,22.647726,33.506588
"482",30.311613,32.717373,59.926628,33.38242,23.083323,22.704105,33.525997
"483",30.237701,33.017101,60.165874,33.391796,23.120636,22.746391,33.516289
"484",30.094503,33.129501,60.443409,33.448055,23.204575,23.03301,33.254219
"485",29.942064,32.389549,59.66824,32.89481,23.372454,22.901453,33.467754
"486",30.177652,32.323982,59.77351,33.082352,23.260532,22.826271,33.953079
"487",30.200748,32.604977,59.783085,33.016712,23.317566,22.835661,33.681301
"488",30.182266,32.91407,60.39555,33.32616,23.308218,22.773533,33.962788
"489",30.173029,33.204437,60.558239,33.36367,23.270823,22.726458,34.059849
"490",30.274654,33.045212,60.80706,33.476192,23.308218,22.745289,34.292809
"491",30.394753,33.429237,61.218571,33.729374,23.205372,22.679386,34.525761
"492",30.450184,32.989006,61.342976,33.813766,23.242777,22.726458,34.351044
"493",30.459425,32.885971,61.247276,33.729374,23.214722,22.707632,34.46751
"494",30.598001,32.942173,61.630074,34.048199,23.224072,22.688803,34.516052
"495",30.616478,33.007744,61.859741,34.020058,23.242777,22.688803,34.651939
"496",30.588764,32.670544,61.467392,33.87941,23.233423,22.641731,34.535465
"497",30.718103,32.773579,62.118137,34.038815,23.308218,22.688803,34.729591
"498",30.671913,32.829777,62.481785,34.113834,23.401712,22.726458,34.719887
"499",30.792011,32.455112,62.405228,34.076328,23.411057,22.707632,34.904312
"500",30.662668,32.323982,62.615757,34.198227,23.495209,22.754702,34.943134
"501",30.865919,32.511311,62.835861,34.357635,23.439108,22.707632,35.224625
"502",30.699625,31.958679,62.386097,33.954422,23.495209,22.726458,34.846077
"503",30.944958,32.16774,62.366943,34.17947,23.495209,22.726458,34.729591
"504",30.471025,31.800489,61.706631,33.710621,23.532602,22.726458,34.170002
"505",30.684755,31.725153,61.831032,33.83252,23.513906,22.754702,34.394234
"506",30.573246,31.160141,61.649212,33.673111,23.551308,22.811188,33.819038
"507",30.480318,31.178974,61.400341,33.410553,23.467159,22.801779,33.90678
"508",30.73122,31.404984,60.996777,33.288651,23.424988,22.801779,33.916531
"509",30.647583,31.094223,60.718109,33.344913,23.462467,23.027723,34.121262
"510",30.768398,31.263721,61.092865,33.185501,23.453102,23.159523,34.364986
"511",30.66617,31.028309,61.294651,33.32616,23.481211,22.844494,34.598957
"512",30.852034,31.36731,61.640556,33.532455,23.509327,22.872789,34.852428
"513",31.047174,31.969988,62.33239,33.851273,23.434359,22.844494,35.096157
"514",31.233032,31.894655,62.543789,33.851273,23.434359,22.825628,34.940166
"515",30.991419,31.555645,62.524563,33.551208,23.443726,22.844494,34.667202
"516",31.223734,31.875811,62.860878,33.513702,23.462467,22.882225,34.784187
"517",31.214445,31.8664,62.908932,33.569962,23.481211,22.882225,34.745193
"518",31.102936,31.659235,62.745575,33.401173,23.47184,22.844494,34.579456
"519",31.121517,32.0359,63.235619,33.607468,23.499949,22.844494,34.735443
"520",31.065763,31.960571,63.293289,33.757504,23.481211,22.825628,34.832932
"521",31.177273,31.83815,63.523888,33.76688,23.537437,22.872789,35.047409
"522",30.972837,31.894655,62.76479,33.410553,23.443726,22.806765,34.940166
"523",30.935661,31.8664,63.091496,33.569962,23.359404,22.759602,34.969414
"524",30.917082,32.346653,63.3125,33.616844,23.387516,22.797331,34.608704
"525",30.982124,32.572662,63.274067,33.429306,23.275072,22.787899,34.686695
"526",31.047174,32.308994,63.3125,33.710621,23.25633,22.740742,34.920673
"527",30.95425,32.356071,62.832054,33.523079,23.275072,22.769035,34.26749
"528",30.889196,32.233658,62.341999,33.607468,23.275072,22.745462,34.043266
"529",31.065763,32.327827,62.55341,33.673111,23.247828,22.769035,34.38448
"530",30.963543,32.054737,62.418873,33.504326,23.200869,22.736908,34.364986
"531",31.037884,31.725153,62.841663,33.316784,23.219648,22.755806,34.628204
"532",31.065763,31.83815,62.995388,33.466812,23.247828,22.793608,34.462471
"533",30.805563,32.054737,63.754509,33.79501,23.200869,22.774708,34.745193
"534",30.86132,31.922911,63.543106,33.682487,23.219648,22.774708,34.725689
"535",31.028591,31.93232,63.552719,33.701241,23.257229,22.812508,34.823189
"536",30.889196,31.489729,63.571945,33.485569,23.313583,22.864485,34.754936
"537",30.721931,31.047142,63.322109,33.27927,23.285402,22.869207,34.520969
"538",30.917082,31.01889,63.437408,33.260517,23.276005,22.850313,34.881676
"539",30.536074,30.256132,63.293289,33.035465,23.360546,22.883383,34.394234
"540",30.684755,30.519798,63.898632,33.27927,23.388721,22.888105,34.725689
"541",30.898491,30.585716,63.639194,33.241764,23.360546,22.907003,34.881676
"542",30.898491,30.661055,63.706455,33.36367,23.388721,22.935354,34.969414
"543",30.852034,30.971804,63.850582,33.626225,23.341763,22.925911,35.388615
"544",30.95425,31.065973,63.571945,33.654354,23.379335,22.944809,35.447117
"545",30.944958,30.783468,63.898632,33.569962,23.388721,22.940084,35.369118
"546",31.000711,31.131891,64.023544,33.598095,23.388721,22.944809,35.544598
"547",31.140104,31.442648,64.206116,33.729374,23.341763,22.925911,35.593346
"548",30.935661,31.244896,64.090813,33.626225,23.304193,22.888105,35.622597
"549",31.019299,31.357891,64.321426,33.616844,23.285402,22.888105,35.729832
"550",31.000711,30.679884,64.369469,33.448055,23.360546,22.897558,35.661591
"551",30.777681,31.047142,64.792244,33.523079,23.387848,22.897558,35.856567
"552",30.60112,30.642221,65.291908,33.598095,23.425518,22.85495,35.700584
"553",30.554659,30.312632,65.080513,33.729374,23.434933,22.86442,35.583595
"554",30.489614,30.227879,64.76342,33.79501,23.444349,22.89282,35.359371
"555",30.471025,30.209053,64.821075,33.316784,23.359602,22.817087,35.291134
"556",30.415268,29.813543,64.849907,33.485569,23.350191,22.826548,35.359371
"557",30.471025,29.72879,64.849907,33.288651,23.312529,22.788675,35.408119
"558",30.378094,29.672293,64.3022,33.063595,23.293701,22.807613,35.349625
"559",30.285168,30.039545,64.628906,33.194881,23.293701,22.817087,35.310635
"560",30.331635,30.077215,64.897957,33.410553,23.293701,22.779209,35.476357
"561",30.424561,29.804129,64.465538,33.401173,23.293701,22.760279,35.096157
"562",30.66617,29.945375,64.590469,33.569962,23.227793,22.722401,35.25214
"563",30.591829,30.209053,64.369469,33.616844,23.180714,22.694002,35.1059
"564",30.712633,30.435049,64.782639,33.87941,23.171299,22.712938,35.45686
"565",30.73122,30.585716,64.76342,33.991928,23.161888,22.712938,35.291134
"566",30.712633,30.265547,64.725006,33.851273,23.13364,22.703466,35.144897
"567",30.647583,30.444469,64.676941,33.710621,23.114803,22.675064,35.213139
"568",30.614849,30.583305,64.676949,33.823139,23.190128,22.750809,34.823189
"569",30.755156,30.763996,65.082024,33.710621,23.208956,22.741339,34.852428
"570",30.455837,30.278999,64.455124,33.213631,23.182543,22.750809,34.949917
"571",30.558725,30.060274,64.078972,32.876057,23.088186,22.697689,34.491718
"572",30.399712,29.794001,64.204353,32.782288,23.144802,22.745111,34.140755
"573",30.493244,29.641846,64.368317,32.997959,23.069323,22.6313,34.452728
"574",30.39036,29.109301,64.194717,32.922943,23.003271,22.574383,33.955528
"575",30.296818,29.004694,63.934315,32.772915,22.937223,22.498505,33.67281
"576",30.147161,28.995182,63.886078,32.716644,22.9844,22.545933,33.438831
"577",29.501751,28.396072,62.24649,32.247795,22.9844,22.517479,32.551682
"578",29.155663,28.158329,60.954117,31.628904,23.097624,22.60284,31.888756
"579",29.305321,28.843029,61.92823,31.647659,23.097624,22.60284,31.898506
"580",29.277262,28.481659,61.224171,31.338215,23.059881,22.583876,32.064236
"581",29.557873,29.042732,62.323662,31.900843,23.078754,22.583876,32.96114
"582",29.473692,28.795483,62.651569,31.985235,23.069323,22.574383,32.78566
"583",29.230494,28.186853,62.015034,31.572639,23.078754,22.574383,32.161732
"584",29.380154,28.519697,62.198277,31.610151,23.069323,22.536448,31.80101
"585",29.277262,28.843029,61.899296,31.403854,23.088186,22.536448,31.732771
"586",29.015356,28.519697,61.436352,31.103786,23.125935,22.545933,31.450052
"587",28.323177,27.616274,59.314526,30.00667,23.125935,22.593359,30.28018
"588",28.332533,28.148817,60.606911,30.578674,23.116495,22.593359,30.904114
"589",28.24835,27.996662,59.488132,30.072311,23.210846,22.640785,30.562899
"590",28.005152,27.568724,59.362755,30.00667,23.182543,22.612328,30.406918
"591",28.332533,28.053719,60.327217,30.606804,23.097624,22.574383,31.030848
"592",28.566376,28.481659,61.214523,30.925627,23.044647,22.536448,31.108841
"593",28.762802,29.356554,61.494221,31.281954,23.063566,22.571608,31.781513
"594",28.781513,29.470669,61.031273,31.319466,22.997341,22.476568,31.869255
"595",28.903111,29.613316,61.484573,31.516382,23.054108,22.505083,31.859509
"596",29.080832,29.556259,61.995739,31.675793,23.02573,22.486073,32.025238
"597",29.211784,30.060274,63.268833,32.10714,23.035191,22.514589,32.590679
"598",29.146307,29.432632,63.278477,32.013367,23.035191,22.486073,32.512684
"599",29.02471,29.042732,62.998779,31.816448,23.091946,22.514589,31.937496
"600",28.80957,28.72891,61.918579,31.300711,23.063566,22.571608,31.264822
"601",28.753447,29.06175,61.86071,31.563265,23.110868,22.552605,31.235579
"602",28.762802,29.242435,61.368835,31.413231,23.186544,22.571608,30.982103
"603",28.781513,29.736944,61.783554,31.291332,23.224388,22.533594,31.381809
"604",28.800219,29.813021,61.744976,31.150677,23.252768,22.628637,31.508547
"605",28.678621,29.432632,60.799805,31.047525,23.252768,22.619129,30.806625
"606",28.285761,29.128317,60.375439,30.794346,23.233852,22.600124,30.28018
"607",28.725388,29.546747,60.278999,31.085033,23.233852,22.619129,30.660389
"608",28.725388,29.413612,60.086102,30.68182,23.233852,22.63814,30.611643
"609",28.5009,29.147337,60.259708,30.663067,23.252768,22.742678,30.494658
"610",28.538315,29.442141,60.838383,31.038147,23.21493,22.600124,31.021099
"611",28.398008,29.727434,61.224171,31.113169,23.252768,22.63814,30.757877
"612",28.80957,30.336058,62.506901,31.394476,23.252768,22.628637,31.508547
"613",28.893757,30.164883,62.468323,31.497629,23.262226,22.63814,31.430557
"614",28.931175,30.164883,62.95055,31.385101,23.287836,22.647638,31.635284
"615",29.02471,30.554783,63.29776,31.610151,23.335245,22.680971,31.918003
"616",28.631849,30.079294,61.417065,30.625559,23.420578,22.738096,30.55315
"617",28.893757,30.744978,62.709438,30.94438,23.477468,22.966623,30.504406
"618",28.369944,30.107824,61.908939,30.42864,23.477468,22.785702,30.445911
"619",28.173519,29.404102,60.250057,29.856636,23.50592,22.833311,29.870726
"620",28.070625,29.289984,60.809448,29.697227,23.524879,22.833311,29.73424
"621",27.920965,29.546747,60.741928,29.687849,23.515396,22.833311,29.73424
"622",28.117393,29.898609,60.905895,29.894146,23.420578,22.842836,29.987713
"623",28.051918,29.955669,60.838383,29.631588,23.363684,22.833311,29.568508
"624",27.780661,29.641846,59.825695,29.29401,23.430063,22.871408,29.081062
"625",27.33168,29.366062,58.668339,28.759518,23.496435,22.890448,28.36939
"626",27.462631,29.670376,59.005901,29.228374,23.562803,22.928535,28.359642
"627",27.200727,29.204395,58.186108,28.590731,23.676594,22.985668,27.638222
"628",26.929468,29.451651,56.970886,28.318796,23.619699,22.957104,27.297009
"629",26.555317,29.366062,56.46936,27.943712,23.562803,22.94758,26.546339
"630",26.28406,29.109301,54.974449,27.728037,23.562803,22.966623,25.961403
"631",27.023003,29.67988,58.166813,28.581352,23.581772,22.966623,27.297009
"632",27.133234,29.972157,58.482674,28.972248,23.651112,23.041035,27.456846
"633",27.340502,29.886192,58.589256,28.914764,23.622622,23.060122,27.623547
"634",27.378187,29.895742,58.61832,29.029734,23.670109,23.088741,27.701994
"635",27.123814,29.208048,56.680527,28.474049,23.81258,23.222315,27.339172
"636",27.632561,29.962605,58.317963,29.297995,23.717598,23.117363,28.319773
"637",27.689089,29.742924,58.279209,29.470448,23.698599,23.079205,28.790464
"638",27.886936,29.876644,58.734585,29.508772,23.670109,23.060122,29.261152
"639",28.273209,30.182285,58.676453,29.844097,23.670109,23.155525,29.476885
"640",28.452213,30.459274,59.131836,29.939905,23.660608,23.041035,29.623974
"641",28.51816,30.34466,59.267483,30.054878,23.689106,23.088741,29.643583
"642",28.593533,30.144077,58.947746,30.035713,23.679605,23.069662,29.38863
"643",28.74427,30.2778,59.567841,30.083618,23.651112,23.069662,29.584751
"644",28.847904,30.612097,59.684105,30.256073,23.622622,23.050581,29.780872
"645",29.045752,30.793575,60.178249,30.428526,23.641615,23.041035,30.055439
"646",29.234177,30.946394,60.992123,30.917147,23.603615,23.0315,30.330008
"647",29.27186,30.965498,61.176212,31.032114,23.622622,23.317722,30.192724
"648",29.045752,30.583445,60.420471,30.581818,23.708101,23.088741,29.849514
"649",29.036329,30.86043,60.5658,30.524334,23.708101,23.088741,29.771065
"650",29.196491,31.185177,60.720833,30.811756,23.784088,23.136446,30.016216
"651",29.337809,31.166077,60.604565,31.022535,23.717598,23.098288,30.349619
"652",29.347231,30.898636,60.187931,31.012953,23.755602,23.126905,30.173113
"653",29.582762,31.003698,60.304203,30.945887,23.784088,23.155525,30.143694
"654",29.592186,31.232935,60.643322,30.99379,23.816479,23.212772,30.36923
"655",29.714663,31.55768,61.185902,30.897984,23.90222,23.27002,30.673218
"656",29.611029,31.194731,60.953369,30.85008,23.826004,23.210752,30.712442
"657",29.799452,31.328449,61.47657,31.041697,23.826004,23.191629,31.036041
"658",29.969032,31.729609,61.825371,31.166243,23.864115,23.229866,31.085073
"659",29.997299,31.490828,62.12574,31.319536,23.892685,23.220312,31.036041
"660",29.969032,31.433516,61.922264,30.99379,23.949852,23.248981,30.79089
"661",29.808874,31.261589,61.767239,30.696787,23.949852,23.287228,30.800695
"662",29.695818,31.166077,62.086979,30.907564,23.930801,23.258543,31.085073
"663",29.837135,31.299799,62.581108,31.252472,23.921272,23.277666,31.457701
"664",29.827713,31.118322,62.862087,31.424927,23.911747,23.248981,31.545954
"665",29.987877,31.261589,62.900845,31.444088,23.987959,23.296785,31.614599
"666",30.279936,31.070562,63.346535,31.788998,23.987959,23.277666,32.1049
"667",30.440098,31.328449,63.278717,31.932707,23.997486,23.296785,32.212765
"668",30.637947,31.41441,63.249653,32.066837,24.007011,23.306345,32.320633
"669",30.60968,31.433516,63.259346,31.894384,23.978432,23.248981,32.232372
"670",30.60968,31.634089,63.269035,31.82732,24.016539,23.306345,32.46772
"671",30.685051,32.149868,63.617832,32.085999,24.026072,23.296785,32.51675
"672",30.71331,32.006596,63.41436,31.951864,24.064173,23.315908,32.251987
"673",30.741581,31.710501,63.317478,31.82732,24.016539,23.277666,32.320633
"674",30.581417,31.490828,63.210899,31.712347,23.98217,23.258543,32.242184
"675",30.722738,31.834671,64.344513,32.20097,23.953527,23.169472,32.526554
"676",30.666204,31.997044,64.053833,31.990192,24.0299,23.231724,32.212765
"677",30.779264,32.474613,64.286377,31.990192,24.039455,23.246096,32.095093
"678",30.76984,32.503265,64.23793,31.85606,24.144468,23.255678,31.467508
"679",30.694471,32.016151,63.860058,31.482412,24.230392,23.351454,31.1341
"680",30.590837,31.691397,63.491882,31.012953,24.230392,23.341877,31.1341
"681",30.798105,32.321785,64.344513,31.559053,24.230392,23.341877,31.673433
"682",30.835793,32.350437,64.363884,31.491991,24.287674,23.399345,31.693043
"683",30.882893,32.235825,64.480156,31.549475,24.278128,23.38019,31.83033
"684",30.76042,32.17852,64.654572,31.539892,24.268579,23.351454,31.693043
"685",30.864054,32.62743,64.935539,31.731508,24.335409,23.38019,31.742071
"686",31.061901,33.019039,65.274658,32.009354,24.3545,23.389769,32.006832
"687",30.967688,32.923523,65.100243,31.894384,24.3545,23.370615,31.771494
"688",30.939423,32.913971,64.848335,31.626122,24.430882,23.485554,31.565567
"689",31.090162,33.143204,65.870575,31.846481,24.430882,23.495129,31.948
"690",30.76042,32.312237,64.916481,31.0896,24.57408,23.59091,30.820311
"691",30.71331,32.352455,64.741257,31.060854,24.631365,23.657959,30.957594
"692",30.892321,32.371605,65.130676,31.137503,24.621819,23.64838,31.222357
"693",30.807524,32.151394,64.916481,31.396183,24.650461,23.696262,31.114489
"694",30.920584,32.457775,65.315636,31.185404,24.631365,23.71542,31.349831
"695",30.805748,32.658833,65.481148,31.329119,24.529959,23.677113,31.477308
"696",31.071478,33.08012,65.899773,31.808159,24.424723,23.601288,31.810715
"697",31.12842,33.013096,66.065285,31.769833,24.482117,23.591692,31.761684
"698",31.152149,33.204586,66.191841,32.057255,24.424723,23.572496,31.879358
"699",31.232817,33.434376,66.386543,32.287193,24.453419,23.601288,32.016644
"700",31.375172,33.769485,66.834381,32.555458,24.472555,23.601288,32.369659
"701",31.422628,33.56842,66.542313,32.335098,24.396015,23.582092,32.281403
"702",31.299244,33.577995,66.172363,32.066837,24.396015,23.610891,31.869555
"703",31.413128,33.712036,66.444962,32.239292,24.443855,23.668472,32.310825
"704",31.460583,33.443958,66.727295,32.478809,24.386452,23.610891,32.29121
"705",31.593447,33.530125,66.95121,32.766235,24.319479,23.582092,32.369659
"706",31.669371,33.472675,67.145912,32.823715,24.357752,23.572496,32.281403
"707",31.669371,33.69289,67.12645,32.900364,24.309912,23.543699,32.330433
"708",31.745291,33.740765,66.892792,32.957851,24.281214,23.543699,32.075478
"709",31.840199,33.90353,67.175125,32.948269,24.367317,23.562895,32.006832
"710",31.811731,33.625866,67.097244,32.775814,24.319479,23.543699,31.898968
"711",32.001537,33.90353,68.109734,32.842876,24.367317,23.582092,32.408886
"712",31.849689,33.664169,68.236298,33.063236,24.520391,23.630085,32.51675
"713",31.830713,33.597141,68.197365,32.909946,24.491682,23.620489,32.242184
"714",31.887646,33.654594,68.343384,32.909946,24.529959,23.687666,32.546162
"715",31.887646,33.597141,68.411537,33.053658,24.472555,23.639679,32.722672
"716",31.859179,33.48225,68.25576,32.862041,24.502285,23.649279,32.536362
"717",31.697844,33.405655,67.934502,32.909946,24.511877,23.665661,32.261795
"718",31.508039,33.501396,67.876083,32.574619,24.425566,23.607845,32.350048
"719",31.688354,33.826935,68.362862,32.929108,24.425566,23.646389,33.007053
"720",31.678862,33.118412,68.109734,32.71833,24.473513,23.665661,33.075691
"721",31.403641,32.601387,67.155647,32.095577,24.550234,23.713842,32.350048
"722",31.508039,32.543945,67.155647,32.191387,24.531055,23.694565,32.232372
"723",31.384661,32.046066,66.853851,31.836899,24.56941,23.704203,32.134319
"724",31.289757,32.170532,66.892792,31.788998,24.511877,23.733107,32.144123
"725",31.061989,31.2418,65.539558,30.907564,24.617367,23.762016,31.163519
"726",31.270779,31.643929,66.016594,31.3866,24.579002,23.771654,31.565567
"727",31.35619,31.643929,66.337875,31.329119,24.636541,23.810198,31.673433
"728",31.555487,31.643929,67.019356,31.444088,24.636541,23.790928,31.859751
"729",31.508039,31.088614,66.659134,31.147081,24.64613,23.771654,31.428282
"730",31.527016,31.19393,66.474167,31.127924,24.521463,23.723478,31.585176
"731",31.35619,31.165205,66.425491,30.811756,24.550234,23.762016,31.349831
"732",30.995554,30.830095,65.870575,30.189007,24.684492,23.877649,30.673218
"733",31.147404,30.791798,65.792686,30.418943,24.732439,23.848742,30.977205
"734",31.365677,30.954569,66.006866,30.380621,24.770803,23.954737,30.918369
"735",31.251795,31.059879,65.481148,30.313555,24.809158,23.896914,30.810501
"736",30.976576,31.356693,65.198807,30.035713,24.799576,23.916191,30.398649
"737",30.891157,31.462017,65.24749,29.892004,24.847519,23.964373,30.36923
"738",30.796261,31.615213,64.439453,29.575838,24.921532,24.070364,30.006409
"739",30.739313,31.634359,63.923462,29.451286,25.027246,24.14567,29.927961
"740",31.024025,31.529039,65.062515,30.294395,24.979197,24.107052,30.820311
"741",31.137913,31.366266,65.734261,30.045294,24.998415,24.068436,30.761475
"742",31.166382,31.222656,65.870575,29.930325,24.979197,24.068436,30.761475
"743",31.185364,31.260956,66.14315,30.054878,25.008028,24.126356,30.9674
"744",31.166382,31.500319,66.406021,30.217749,24.931135,24.107052,31.163519
"745",31.223324,31.873722,66.454704,30.371042,24.911915,24.097395,31.026234
"746",31.185364,31.672661,66.542313,30.121941,24.969578,24.116703,31.06546
"747",31.232817,31.624783,66.814911,30.361462,25.03686,24.164978,31.340025
"748",31.384661,31.500319,67.145912,30.3423,25.056086,24.14567,31.202744
"749",31.479561,31.551346,67.175125,30.323135,25.075302,24.14567,31.320415
"750",31.783255,32.206059,67.710579,30.639303,25.12336,24.213247,31.673433
"751",31.811731,32.215683,67.476913,30.658464,25.12336,24.290483,31.784698
"752",31.90663,32.485275,67.642426,30.639303,25.132971,24.343576,31.942242
"753",31.811731,32.369736,67.613228,30.514751,25.065693,24.251871,31.646847
"754",31.830713,32.31197,67.369827,30.323135,25.12336,24.300142,31.262831
"755",31.555487,31.936466,66.668884,30.1411,25.142582,24.300142,31.065899
"756",31.43211,32.129028,66.308655,30.189007,25.056086,24.242212,31.006821
"757",31.413128,32.292709,66.446518,30.323135,25.09453,24.338755,31.518841
"758",31.575747,32.186798,66.720291,30.668043,25.13497,24.358067,31.912706
"759",31.757494,32.687466,67.541588,30.639303,25.13497,24.351295,31.853624
"760",31.996628,32.562298,67.932671,30.773432,25.192753,24.602741,32.188404
"761",32.015762,32.677834,68.079338,30.735113,25.154232,24.389982,32.030861
"762",31.900974,32.369736,67.805565,30.706367,25.000153,24.293274,32.158867
"763",31.78619,32.32159,67.600243,30.658464,24.971262,24.322283,31.873316
"764",31.939238,32.331226,67.864243,30.658464,25.000153,24.283604,31.893009
"765",31.967936,32.43713,67.89357,30.48601,25.019407,24.293274,31.98163
"766",31.939238,32.292709,67.971786,30.418943,24.932735,24.225574,31.745316
"767",31.843576,32.244572,68.147766,30.658464,24.942366,24.235241,32.089943
"768",31.87228,32.43713,68.206451,30.581818,24.971262,24.254585,31.873316
"769",31.862713,32.43713,68.147766,30.706367,24.96163,24.235241,31.922548
"770",31.834017,32.283081,67.570915,30.3423,25.067562,24.302942,31.676386
"771",31.853148,32.446762,67.707802,30.332718,25.115711,24.331953,31.774853
"772",31.853148,32.283081,67.463364,30.390202,25.115711,24.322283,31.637001
"773",31.900974,32.388992,67.89357,30.466848,25.144604,24.331953,31.538532
"774",32.006199,32.475643,68.509537,30.773432,25.13497,24.312611,31.735466
"775",32.111412,32.581551,68.881073,31.137503,25.202383,24.341627,32.277027
"776",31.843576,32.398621,68.568192,30.802177,25.163866,24.312611,31.883163
"777",31.948805,32.494904,69.174385,30.945887,25.154232,24.331953,32.277027
"778",31.862713,32.446762,68.949501,30.71595,25.13497,24.331953,32.021019
"779",31.805319,32.138668,68.714851,30.610559,25.125341,24.312611,32.385338
"780",31.690535,31.92684,68.362885,30.524334,25.147547,24.341627,32.149021
"781",31.633141,31.272131,67.786011,29.978231,25.321312,24.514097,31.755157
"782",31.422695,31.012167,67.238487,29.508772,25.350267,24.533474,31.331758
"783",31.173992,30.569277,66.40741,28.761473,25.552996,24.717571,30.642498
"784",31.422695,30.781094,66.671402,29.039314,25.601265,24.736954,30.642498
"785",31.680964,30.992914,67.463364,29.288414,25.543344,24.736954,31.252983
"786",31.566179,30.627041,66.935387,28.87644,25.485422,24.698195,30.908356
"787",31.355736,30.34783,66.290092,28.454887,25.601265,24.785402,30.504646
"788",31.566179,30.665558,67.258041,28.818956,25.581955,24.76602,30.809891
"789",30.992252,30.068613,65.703445,28.062077,25.726763,24.862911,30.032011
"790",30.915728,30.251547,65.879448,27.822557,25.832952,24.969498,29.86462
"791",31.193129,30.521135,66.720291,28.368662,25.765379,24.911358,30.484951
"792",31.508789,30.781094,67.756683,28.818956,25.659189,24.862911,30.800043
"793",31.327045,30.771465,67.170044,28.608179,25.678495,24.911358,30.603109
"794",31.499222,30.973652,67.590462,28.684826,25.581955,24.921047,30.83943
"795",31.413132,30.646299,67.590462,28.790213,25.456459,24.862911,30.760658
"796",30.982683,30.193781,65.644791,28.033333,25.620577,24.959808,29.726768
"797",31.068775,30.290058,66.23143,28.148302,25.552996,24.921047,30.120628
"798",31.288782,30.453737,66.338966,28.148302,25.717108,25.008253,29.854773
"799",31.451395,30.54039,66.808281,28.167463,25.726763,25.047016,30.041857
"800",31.690535,30.848494,67.629578,28.742311,25.697802,25.017942,30.573572
"801",31.805319,31.108452,67.766449,28.866859,25.665876,24.988878,30.534187
"802",31.728788,30.992914,67.414482,28.541115,25.694897,25.025766,30.091089
"803",31.824453,31.243242,67.590462,28.83812,25.704573,25.074306,30.317562
"804",32.082722,31.503206,68.558426,29.460867,25.491741,24.957808,30.849276
"805",31.987064,31.483946,68.304199,29.384222,25.482061,24.986933,30.740961
"806",31.920105,31.532091,68.216217,29.815357,25.356304,24.860737,31.115133
"807",32.015762,31.474318,68.098892,30.428526,25.220861,24.744249,31.459763
"808",32.130547,31.859442,68.861519,30.945887,25.230532,24.734545,32.168713
"809",32.274029,32.119404,69.223289,31.060854,25.162815,24.686003,32.208099
"810",32.360123,32.408245,69.516586,31.472828,25.095089,24.540394,32.306568
"811",32.455776,32.080891,69.164619,31.472828,25.133785,24.608345,32.395187
"812",32.637512,32.100147,69.311279,31.214149,25.211184,24.637463,32.267178
"813",32.57056,32.003864,69.506813,31.175827,25.259558,24.666588,32.060406
"814",32.704475,31.801676,69.389496,31.185404,25.307926,24.715128,31.902863
"815",32.752304,31.907583,69.184166,30.99379,25.394997,24.783081,31.873316
"816",32.694912,31.897957,69.07663,30.917147,25.433689,24.802496,31.814238
"817",32.541862,31.486628,68.401985,30.409363,25.530439,24.88986,31.331758
"818",32.532295,31.544971,68.961456,30.783014,25.375648,24.783081,31.696081
"819",32.532295,31.544971,68.78479,30.581818,25.394997,24.821909,31.331758
"820",32.350555,31.068491,68.264565,30.49559,25.414345,24.821909,31.046207
"821",32.340916,31.204628,68.686623,30.524334,25.412409,24.841324,31.164366
"822",31.907391,30.912907,67.675659,30.054878,25.470583,24.871464,30.534187
"823",31.59911,30.980976,66.939522,29.652483,25.509365,24.939526,30.248636
"824",31.714716,31.369934,67.528442,29.614161,25.635408,25.027033,30.327408
"825",31.888121,31.486628,68.382355,29.911163,25.683884,25.065924,30.504646
"826",31.839956,31.272699,68.18605,30.045294,25.548147,24.988146,30.63265
"827",31.570206,31.029594,67.155457,29.393805,25.567535,25.017307,30.120628
"828",31.753252,31.272699,67.734558,29.60458,25.489971,24.949247,30.199402
"829",31.849596,31.525522,67.989746,29.719549,25.354233,24.871464,30.337254
"830",31.878489,31.749178,68.323471,30.438108,25.179707,24.774237,30.898508
"831",31.888121,31.86587,68.941818,30.687204,25.140928,24.764511,31.124979
"832",31.878489,31.972834,68.755333,30.706367,25.170017,24.813129,31.14467
"833",31.878489,31.895037,68.647369,30.562656,25.150618,24.813129,31.479454
"834",31.801422,31.758904,68.323471,30.71595,25.208799,24.813129,31.371143
"835",31.868866,31.895037,68.54921,30.792593,25.150618,24.764511,31.646847
"836",31.830326,31.895037,68.362732,31.032114,25.228188,24.803402,31.72562
"837",31.762888,31.895037,68.431427,31.070436,25.247574,24.822849,31.696081
"838",31.830326,31.914484,68.578659,31.070436,25.218491,24.813129,31.676386
"839",31.907391,32.050625,68.78479,31.233311,25.189402,24.774237,31.853624
"840",31.878489,32.254829,69.167564,31.482412,24.995491,24.706175,32.11948
"841",31.926657,32.177036,69.304985,31.587799,25.053665,24.725618,32.208099
"842",32.080807,32.468761,69.89389,31.472828,25.28636,24.78396,32.109634
"843",32.032635,32.147869,69.707405,31.147081,25.382565,24.92008,31.932398
"844",32.273483,32.643791,70.188347,31.654865,25.333981,24.885015,32.464111
"845",32.427624,32.945244,70.551506,32.143482,25.197935,24.836319,32.651199
"846",32.46616,33.081379,70.541695,32.335098,25.091038,24.719439,32.670891
"847",32.581768,33.091103,70.669289,32.239292,25.168777,24.797356,32.483807
"848",32.697372,33.275864,70.836151,32.450066,25.110468,24.680481,32.533039
"849",32.832245,33.120277,71.287651,32.488392,25.139626,24.641521,32.680733
"850",32.822609,32.935516,71.189491,32.507553,25.129906,24.661003,32.611809
"851",32.880417,32.731312,71.375984,32.507553,25.12019,24.670742,32.621655
"852",32.986389,32.566006,71.523209,32.25845,25.227091,24.729177,32.493649
"853",33.005653,32.507656,71.572289,32.143482,25.353415,24.787621,32.483807
"854",33.121265,32.702141,71.95507,32.32552,25.333981,24.758402,32.611809
"855",33.111629,32.634075,71.906006,32.143482,25.353415,24.787621,32.552731
"856",33.101997,32.886898,72.259354,32.20097,25.460312,24.836319,32.690582
"857",33.082733,32.867447,72.141579,31.961449,25.518612,24.904493,32.542885
"858",33.073097,32.818832,71.935455,31.923124,25.421434,24.855799,32.395187
"859",32.986389,32.818832,72.131744,32.133904,25.431156,24.87528,32.503498
"860",33.150169,33.130001,72.740288,32.574619,25.440874,24.894756,33.23214
"861",33.159794,32.964691,72.799187,32.450066,25.499182,24.914238,33.212452
"862",33.285038,33.042484,73.113266,32.421326,25.440874,24.904493,33.409382
"863",33.32357,32.964691,73.319374,32.392586,25.47003,25.021374,33.330608
"864",33.198334,32.731312,73.064194,32.25845,25.473917,25.040852,33.212452
"865",33.063457,32.692417,72.318245,32.191387,25.386282,24.819391,32.87767
"866",32.890049,32.546562,71.856934,31.750669,25.503136,24.955976,32.798897
"867",32.899689,32.614624,71.719521,31.951864,25.366806,24.916954,33.035213
"868",32.793709,32.741035,71.768593,31.788998,25.259687,24.887684,33.054905
"869",33.082733,33.091103,72.867889,32.469227,25.269426,24.858418,33.488152
"870",32.996025,32.857727,72.4851,32.459648,25.220739,24.858418,33.379841
"871",32.986389,32.954964,72.416389,32.363842,25.230476,24.848658,33.47831
"872",33.005653,33.236965,72.337868,32.248871,25.279169,24.916954,33.399536
"873",33.073097,33.713448,72.975861,32.862041,25.152573,24.809635,33.694935
"874",33.159794,33.713448,73.054375,32.890785,25.30838,24.916954,33.507847
"875",33.294674,33.888481,73.417542,33.101563,25.259687,24.848658,33.754009
"876",33.342842,34.170479,73.466614,33.159046,25.259687,24.848658,33.882015
"877",33.26577,34.209373,73.142715,33.005753,25.210999,24.819391,33.960793
"878",33.33321,34.277447,73.505875,33.034492,25.288902,24.8389,34.09864
"879",33.448818,34.364964,74.104599,33.245274,25.347328,24.8389,34.197105
"880",33.45845,34.326065,74.026077,33.264435,25.337593,24.799879,34.236496
"881",33.564426,34.35524,74.055527,33.130306,25.376547,24.809635,34.30542
"882",33.545155,34.413578,74.045715,33.063236,25.386282,24.975489,34.157719
"883",33.447155,34.267242,73.439873,32.889206,25.302393,24.928577,34.054676
"884",33.37923,34.169025,73.321655,32.800713,25.224358,24.869946,34.203297
"885",33.456856,34.915462,73.912727,32.790878,25.292641,24.967667,34.024948
"886",33.388931,34.326168,73.469429,32.623734,25.46822,25.016529,33.995228
"887",33.471409,34.188671,73.528534,32.594234,25.370674,24.967667,34.044765
"888",33.612103,34.277061,73.617188,32.594234,25.370674,24.928577,33.915958
"889",33.602406,34.502956,74.080193,32.702389,25.282887,24.889492,34.034855
"890",33.757652,34.777958,74.809181,32.692558,25.321903,24.928577,34.044765
"891",33.757652,34.925282,74.582603,32.53524,25.36092,24.948126,33.906055
"892",33.874096,35.406532,75.065308,32.594234,25.36092,24.948126,34.163666
"893",33.971123,35.239574,74.956932,32.633564,25.380426,24.996984,34.292477
"894",34.077862,34.964565,75.025909,32.505745,25.487722,25.026302,34.401466
"895",34.223412,35.131535,75.626808,32.800713,25.438955,24.996984,34.896877
"896",34.359257,35.436001,76.079964,32.790878,25.429199,24.996984,34.777977
"897",34.456291,35.239574,76.079964,32.869541,25.429199,25.153337,34.688801
"898",34.398075,34.591354,75.971611,32.466415,25.526743,25.065392,34.51046
"899",34.446587,34.974388,76.40506,32.53524,25.634035,25.075161,34.480728
"900",34.52422,34.650276,76.365646,32.476246,25.692562,25.124018,34.520363
"901",34.388367,34.326168,75.774582,32.102619,25.79986,25.172882,33.955593
"902",34.136082,33.35384,74.828873,31.571671,25.897402,25.251059,33.74752
"903",34.262226,33.6092,75.459343,31.758484,25.770596,25.211967,33.995228
"904",34.262226,33.815453,75.646523,31.640497,25.887646,25.280373,33.74752
"905",34.242821,33.344021,75.774582,31.463514,25.868135,25.290148,33.73761
"906",33.903206,32.823479,74.671257,31.001394,25.941502,25.368324,33.034126
"907",34.000233,33.206516,75.57756,31.296364,25.961067,25.333086,33.371002
"908",34.262226,34.002056,76.592224,31.689657,25.873032,25.254774,33.886234
"909",34.543613,34.188671,77.49852,32.348427,25.784994,25.22541,34.42128
"910",34.747387,34.188671,77.833458,32.289433,25.82412,25.235201,34.351917
"911",34.563023,33.727055,77.449265,31.964962,25.92194,25.293928,33.906055
"912",34.698868,33.992241,78.050179,31.846975,25.97085,25.352659,34.114124
"913",34.786201,34.326168,78.099442,32.21077,25.882813,25.323298,34.322197
"914",34.892933,34.709209,78.414673,32.377922,25.794775,25.293928,34.579811
"915",34.854122,34.335991,78.335861,32.269768,25.804556,25.313509,34.659081
"916",34.931751,34.25742,78.43438,31.994463,25.882813,25.342873,34.520363
"917",34.941452,34.149384,78.2472,31.797813,25.961067,25.37224,34.460911
"918",35.067596,34.365456,78.473778,31.964962,25.90237,25.37224,34.64917
"919",35.125813,34.002056,78.375267,32.004292,26.000193,25.430967,34.728436
"920",34.931751,33.756519,77.252243,31.483179,26.078451,25.489706,34.371738
"921",34.378666,32.764549,75.17366,30.431118,26.176271,25.568014,33.351189
"922",33.621807,32.50919,72.898064,29.546206,26.146919,25.597382,32.15229
"923",33.350113,32.764549,72.681335,29.241404,26.03932,25.587589,31.805498
"924",32.777622,32.558296,71.903107,29.034925,26.068666,25.597382,31.607336
"925",31.92374,32.145794,69.696457,27.943533,26.119633,25.812733,30.259813
"926",32.379791,32.519012,72.198639,28.071354,26.051025,25.760778,30.973207
"927",32.127506,32.469906,70.435295,27.914036,26.374456,25.927418,30.398529
"928",32.777622,32.951157,73.459572,28.533476,26.354856,25.917618,31.290272
"929",32.340977,32.410973,71.213531,27.412586,26.570478,26.084259,30.26972
"930",31.603533,31.831503,69.863922,26.409687,26.7959,26.201889,29.655409
"931",28.275311,29.994883,65.805283,24.2859,26.707693,26.113663,26.732473
"932",29.158308,31.664543,69.37178,25.357628,26.8253,25.770576,27.525135
"933",27.79985,30.28953,66.08815,24.099085,26.266647,25.300064,25.741648
"934",24.481335,27.529686,60.341774,21.149382,25.188538,23.917921,22.660181
"935",26.771303,29.268093,65.771652,22.44725,25.021919,24.858953,24.344584
"936",24.17083,26.125208,58.739521,20.411955,24.179035,25.045198,20.351559
"937",24.840355,28.118975,63.29903,21.247705,24.580875,24.643299,21.887337
"938",23.084066,26.292175,60.687946,19.536877,23.140131,23.996338,19.866053
"939",23.763292,26.547535,61.311047,20.352962,24.551476,23.917921,20.658714
"940",23.219912,26.508249,58.08675,19.772852,24.629883,24.349224,20.11376
"941",22.016706,26.207108,56.949348,19.281235,24.727894,24.83935,19.895779
"942",24.70451,27.732494,62.112171,21.090387,24.845505,24.976582,21.798162
"943",25.636023,28.106461,61.419838,22.221107,24.963116,25.270658,22.293575
"944",26.218222,28.893757,64.832062,22.516077,25.188538,25.476509,23.799629
"945",24.869465,27.220751,62.349545,21.72949,25.041521,25.594137,22.917795
"946",25.597206,27.919477,65.197998,21.886806,25.345356,25.633343,23.373575
"947",26.249294,27.899794,63.645195,21.72949,25.346336,25.564726,23.254675
"948",25.312168,27.210909,61.597866,20.775751,25.375809,25.552912,21.619814
"949",25.683111,27.899794,62.804508,21.021559,25.424931,25.631687,21.827888
"950",25.409784,27.329004,61.785789,20.254639,25.493698,25.651382,21.233391
"951",26.737379,28.618202,65.870544,21.857309,25.395454,25.700615,22.888071
"952",26.766665,28.519791,65.207893,22.122784,25.454401,25.700615,22.957428
"953",27.410938,28.962645,67.670624,23.027359,25.248093,25.78924,23.938345
"954",27.86974,28.795345,68.442078,24.040092,25.611589,26.084646,25.097612
"955",27.694031,28.657566,67.255211,22.90937,25.660709,25.97633,24.404034
"956",28.035688,29.297245,69.4608,23.420652,25.788425,25.986176,24.899446
"957",27.459749,29.070898,68.897041,22.466915,26.210863,26.104343,23.849171
"958",27.323086,29.277561,69.381668,22.02446,26.417168,26.153572,23.690639
"959",28.211401,29.543276,70.776222,23.027359,26.338579,26.104343,24.691374
"960",28.299257,29.533434,70.074005,22.702892,26.171564,26.055107,24.453575
"961",27.449987,28.864233,68.254166,22.280102,26.259981,26.094494,23.888805
"962",28.133308,29.602322,69.688278,22.486582,26.279631,26.084646,24.146421
"963",28.04545,29.257881,69.144302,22.535742,26.348398,26.104343,24.404034
"964",28.445683,29.257881,70.172905,22.820879,26.358227,26.094494,24.810272
"965",28.836153,29.690893,71.013611,23.745121,26.309107,26.015722,25.771374
"966",29.148527,29.681051,70.331154,24.394056,26.387699,26.084646,26.118162
"967",30.017321,30.232159,71.686157,25.406788,26.436819,26.094494,27.307154
"968",29.187574,29.789307,71.161957,24.807014,26.552996,26.0748,26.326237
"969",28.806866,29.041372,69.945427,23.892605,26.641605,26.066912,25.236328
"970",29.041149,29.474388,70.341049,23.597635,26.56284,26.057051,25.375042
"971",29.207098,29.572796,70.815788,23.745121,26.602221,26.057051,25.622749
"972",29.265667,29.700733,70.815788,23.440319,26.484077,25.948557,25.375042
"973",29.255907,29.59248,70.835571,23.607468,26.552996,26.017595,25.741648
"974",29.509712,30.074699,71.686157,24.276068,26.552996,25.938696,26.712656
"975",29.792801,30.094381,72.180679,24.177744,26.474234,25.869656,26.623486
"976",29.334,30.123907,70.97403,23.440319,26.533302,25.948557,25.662382
"977",28.611631,30.094381,69.925644,22.771719,26.464386,25.978148,24.770639
"978",28.611631,30.094381,70.301483,22.604568,26.54315,26.057051,24.839996
"979",28.933769,29.818827,70.993828,23.007694,26.582529,26.076775,25.26605
"980",29.392572,30.281364,71.636703,23.843445,26.484077,26.057051,26.296513
"981",29.656136,30.566757,72.694984,24.295732,26.582529,26.135946,26.999998
"982",29.421854,30.379778,72.338921,24.394056,26.56284,26.145813,27.128803
"983",29.460903,29.858192,72.744438,24.32523,26.671143,26.165537,27.25761
"984",29.802565,30.350252,73.595016,24.58087,26.730211,26.382513,27.743116
"985",29.919703,30.084539,72.596077,25.328129,26.641605,26.224712,27.980915
"986",30.183271,30.084539,73.496109,26.065556,26.661291,26.155674,28.862747
"987",30.17351,29.917238,73.466438,25.996729,26.592379,26.175402,28.218712
"988",29.988033,30.438824,73.901611,25.564106,26.676231,26.234573,28.010639
"989",30.124699,30.665171,73.02137,25.564106,26.666368,26.188148,28.327703
"990",30.417553,31.245802,73.308182,25.859076,26.676231,26.237535,28.545685
"991",30.7885,31.816595,74.14888,26.920969,26.587442,26.158508,29.219446
"992",30.690882,31.432783,74.010414,27.078287,26.488791,26.118996,29.18972
"993",31.315634,32.042938,75.672012,28.38599,26.439461,26.109118,30.299446
"994",31.530388,32.07246,76.057739,29.005426,26.557848,26.13875,30.913759
"995",31.286346,32.003574,75.741249,28.395821,26.676231,26.168386,30.249905
"996",31.071587,32.161034,75.315956,27.333927,26.794619,26.247417,29.486969
"997",29.773277,31.019455,72.09166,25.760754,26.843946,26.217781,27.376511
"998",30.193031,31.668974,72.853233,26.045891,26.853813,26.227657,27.941282
"999",30.378508,31.481989,73.229065,26.252371,26.962334,26.286932,28.5655
"1000",30.671358,31.56072,74.603844,26.989796,26.903137,26.247417,29.338346
"1001",30.495646,31.895321,74.504944,26.409687,26.972197,26.267178,28.714125
"1002",30.603025,31.974052,74.702751,26.33103,27.041254,26.29681,28.714125
"1003",30.603025,32.033096,74.317017,26.675159,27.001795,26.316566,28.545685
"1004",30.675922,32.183197,74.356583,26.055723,27.041254,26.29681,28.842934
"1005",30.744879,32.54858,74.851097,26.252371,27.001795,26.286932,28.971739
"1006",30.242481,32.242455,73.199402,25.426453,26.932734,26.29681,27.989326
"1007",30.488754,32.43008,74.178551,25.682095,27.001795,26.316566,28.377514
"1008",30.025759,32.114075,72.52684,25.259304,27.011658,26.346203,27.710627
"1009",30.4592,32.281952,73.525398,25.750921,27.031389,26.375839,28.556677
"1010",30.685772,31.936319,74.091736,25.760754,27.090714,26.385714,28.964771
"1011",30.892645,33.091717,74.866737,26.036058,27.080828,26.440121,28.745792
"1012",30.84339,33.299095,74.558723,25.406788,27.100601,26.608278,28.865236
"1013",30.991154,34.464367,75.860329,26.006561,27.110487,26.430227,29.024492
"1014",30.853239,34.10886,75.433083,25.71159,27.169811,26.484632,28.496956
"1015",30.912346,34.780373,75.413216,25.534607,26.99184,26.469795,28.725887
"1016",30.803986,34.987751,75.502632,25.092154,27.06105,26.548927,28.158537
"1017",31.079811,34.760624,76.327309,25.750921,27.080828,26.499472,28.626352
"1018",30.95175,34.622372,75.711288,25.691925,27.100601,26.499472,28.208303
"1019",31.493553,34.681618,76.73468,26.026224,27.130264,26.539036,28.735842
"1020",31.789082,34.444614,76.853912,26.557173,27.130264,26.558821,29.771008
"1021",31.720125,34.069359,76.923462,26.753819,27.278568,26.578606,29.552031
"1022",31.936846,34.266865,77.181793,26.734156,27.248905,26.588493,29.671473
"1023",32.035355,34.64212,77.648781,26.508011,27.298346,26.608278,29.58189
"1024",32.005802,34.691498,77.271217,26.5965,27.308233,26.647844,29.940218
"1025",32.035355,34.444614,77.469933,26.508011,27.298346,26.677517,29.980032
"1026",31.739828,34.197735,76.48629,26.508011,27.278568,26.697304,29.989985
"1027",31.680721,34.128609,76.088852,26.498178,27.308233,26.697304,29.651566
"1028",32.015656,34.474243,76.257759,26.439184,27.298346,26.657734,29.890451
"1029",31.966402,34.16811,75.969612,26.439184,27.387323,26.677517,29.591845
"1030",32.330883,34.63224,76.645256,26.675159,27.367552,26.707195,30.13929
"1031",32.330883,34.533493,77.002945,26.468681,27.426872,26.746759,30.049707
"1032",32.064907,34.197735,77.281151,25.957399,27.453625,26.756649,29.790915
"1033",32.4688,34.64212,77.648781,26.429352,27.532887,26.805189,30.507568
"1034",32.724926,34.869247,77.946854,26.753819,27.473444,26.775473,31.005245
"1035",32.877613,35.0075,78.572815,26.763651,27.532887,26.824999,31.045059
"1036",32.823433,34.474243,79.089485,27.029125,27.493259,26.785379,31.572596
"1037",32.92194,34.434738,79.168968,27.609234,27.44372,26.765564,31.881155
"1038",32.724926,34.177986,78.264801,27.884541,27.305014,26.676414,31.721901
"1039",32.91209,34.464367,79.099419,28.032024,27.20594,26.607073,31.861248
"1040",32.803734,34.187862,78.682114,27.412586,27.136587,26.527826,31.771667
"1041",32.813583,34.35574,78.890762,27.658394,27.146496,26.478296,31.711946
"1042",33.089409,34.592743,78.801338,27.481415,27.215845,26.51792,31.871202
"1043",33.020454,34.64212,78.821213,27.127449,27.265381,26.56745,31.572596
"1044",32.91209,34.335991,78.751663,27.166777,27.20594,26.527826,31.622364
"1045",32.990902,34.177986,78.811279,26.84231,27.245569,26.547638,31.473063
"1046",32.803734,34.385365,79.119286,26.704659,27.235662,26.587261,31.254084
"1047",33.01553,34.82975,80.12281,27.196276,27.245569,26.577356,31.552691
"1048",33.040157,35.06675,80.172493,27.383091,27.166309,26.537733,31.612411
"1049",33.355389,35.0075,80.768639,27.127449,27.146496,26.51792,31.38348
"1050",33.256874,34.740871,80.828255,27.097952,27.047419,26.438671,31.492968
"1051",33.217472,35.106251,81.17601,27.2651,27.057327,26.438671,31.741806
"1052",32.774181,34.266865,80.679214,26.930801,27.120859,26.527826,31.403385
"1053",33.050003,34.967999,81.474091,26.783316,27.210205,26.581385,31.741806
"1054",33.18792,34.81987,82.576973,27.117617,27.319399,26.650814,32.03046
"1055",32.705223,34.405117,80.19236,26.891472,27.339256,26.66073,31.074919
"1056",32.252079,34.207607,79.089485,27.019293,27.239986,26.511955,30.865896
"1057",31.986103,33.960732,77.93692,26.950466,27.239986,26.53179,30.248777
"1058",32.587009,34.266865,79.019928,27.08812,27.239986,26.521873,30.716593
"1059",32.192974,33.822479,77.917046,26.743988,27.299547,26.521873,30.308498
"1060",32.242226,34.04961,77.857437,26.871807,27.349182,26.561546,30.109428
"1061",32.537754,34.582867,78.811279,27.21594,27.349182,26.561546,30.925617
"1062",32.675667,34.977875,79.337875,27.078287,27.319399,26.566505,30.945524
"1063",32.389992,34.879124,78.890762,27.255268,27.289621,26.561546,31.254084
"1064",32.291481,34.70137,78.036285,27.2651,27.309473,26.571468,31.0152
"1065",32.163418,34.582867,77.479874,27.068455,27.289621,26.53179,30.93557
"1066",31.769381,34.478359,77.112244,26.33103,27.319399,26.54171,29.820774
"1067",32.114162,34.239479,77.956787,26.252371,27.299547,26.561546,30.05966
"1068",31.503403,33.861252,76.595581,25.937735,27.299547,26.502037,29.124029
"1069",31.641317,33.702,76.645256,25.839413,27.289621,26.492119,29.163841
"1070",31.946697,33.741814,78.105827,26.163879,27.279692,26.492119,29.731194
"1071",32.311184,34.090179,79.238525,26.675159,27.249914,26.511955,30.318451
"1072",32.271778,34.110085,79.021179,26.449017,27.25984,26.54171,30.248777
"1073",32.08503,34.468407,79.170723,26.360525,27.190197,26.482201,30.328405
"1074",32.184368,34.637611,79.370117,26.340862,27.249891,26.502073,30.766361
"1075",32.224098,34.36887,78.761955,26.822647,27.220043,26.502073,30.985338
"1076",32.651237,34.647568,79.918465,27.284767,27.130503,26.402702,31.791574
"1077",32.333366,34.866539,79.041115,27.206108,27.210093,26.422579,31.682085
"1078",32.690971,35.105419,80.257439,27.687893,27.110607,26.402702,32.398739
"1079",32.939308,35.195,80.476776,27.805882,27.140451,26.452391,32.717251
"1080",32.979042,35.234814,80.686142,27.638731,27.120554,26.462326,32.886463
"1081",32.889641,35.543365,81.703064,27.51091,27.1703,26.512009,32.906372
"1082",32.760506,35.304485,81.084938,27.481415,27.200146,26.521948,32.557995
"1083",32.85984,35.224857,81.433884,27.599401,27.200146,26.492138,32.93623
"1084",32.720772,35.324394,81.254425,27.71739,27.210093,26.472263,32.846649
"1085",32.422768,35.195,79.978279,27.471582,27.190197,26.452391,32.538086
"1086",32.402901,35.413975,79.958336,27.51091,27.110607,26.422579,32.607761
"1087",32.303566,35.47369,79.908493,27.491245,27.100657,26.392765,32.209621
"1088",32.392967,35.483646,80.26741,27.825544,27.050911,26.343082,32.876507
"1089",32.442635,35.652851,80.516655,27.923868,27.080759,26.372894,32.956139
"1090",32.025433,35.324394,79.380089,27.530575,27.060862,26.422579,32.249439
"1091",31.916162,35.443832,79.061058,26.960299,27.120554,26.472263,31.990644
"1092",31.042019,34.916306,77.017227,26.449017,27.140451,26.442453,31.0152
"1093",31.210888,35.294533,78.084007,26.734156,27.050911,26.392765,31.403385
"1094",31.051952,34.926258,77.047142,26.488346,26.967169,26.323206,30.965431
"1095",31.25062,35.115372,77.426003,27.038958,27.056894,26.359028,31.532784
"1096",31.777094,34.995934,78.413017,27.481415,26.977139,26.368979,32.458462
"1097",31.876429,36.041031,80.107887,27.2651,27.066864,26.538141,32.448505
"1098",32.452568,36.469025,81.094902,27.599401,27.146618,26.572966,33.334373
"1099",32.432701,36.578514,81.00518,27.560072,27.066864,26.508287,33.035763
"1100",32.839973,36.767624,81.752914,28.926769,26.967169,26.388882,34.220238
"1101",33.12804,36.409309,81.902466,29.890339,26.927292,26.319229,34.827404
"1102",33.445911,36.638233,82.650208,29.733021,26.957201,26.339128,34.837353
"1103",33.068443,36.578514,82.271347,29.241404,27.036957,26.428682,34.250095
"1104",33.267113,37.066227,83.467735,29.998495,26.997078,26.458536,35.056332
"1105",33.684315,37.35487,84.095833,30.69659,27.007048,26.458536,35.812801
"1106",33.81345,37.295155,83.746895,30.794914,27.076832,26.508287,36.021824
"1107",33.714115,37.145851,82.640236,30.431118,27.046926,26.548088,35.554008
"1108",33.773716,37.175713,82.899452,30.52944,27.12668,26.587891,35.872524
"1109",33.992252,37.514126,82.450806,30.52944,27.206434,26.607794,35.812801
"1110",34.171055,37.484264,82.939331,31.070221,27.166557,26.597843,36.529457
"1111",34.56839,37.733101,83.736923,31.787983,27.12668,26.558039,37.13662
"1112",34.647861,37.563896,83.587372,31.581501,27.13665,26.548088,36.977364
"1113",34.687592,37.74305,83.677101,31.552006,27.146618,26.607794,37.047039
"1114",34.816727,37.932167,83.956261,31.44385,27.226376,26.538141,37.18639
"1115",34.488926,36.946785,83.368042,30.519609,27.262337,26.627693,36.459782
"1116",34.598194,37.603706,84.006111,31.021057,27.162437,26.548992,36.82806
"1117",34.747192,37.514126,84.055954,31.217705,27.102501,26.519106,36.847969
"1118",34.836594,37.713192,83.597343,31.296364,27.132471,26.58884,37.047039
"1119",35.094868,37.713192,83.796745,31.669992,26.992609,26.499184,37.912994
"1120",35.223999,37.762959,83.776802,31.424185,27.072531,26.53903,37.912994
"1121",35.363068,37.932167,84.175598,31.611002,27.102501,26.548992,38.410671
"1122",35.233932,37.534031,83.497643,31.640497,27.08252,26.499184,38.151882
"1123",35.293533,37.762959,82.909424,31.542175,27.12248,26.519106,38.510204
"1124",35.214066,37.603706,82.909424,31.384855,27.12248,26.58884,38.311138
"1125",34.866394,37.494217,82.500656,31.19804,27.142458,26.58884,38.400719
"1126",35.114731,37.593754,83.128754,31.611002,27.12248,26.598804,39.216908
"1127",35.233932,37.932167,83.677101,31.679827,27.142458,26.568918,39.157188
"1128",35.402802,38.210857,84.036018,31.719154,27.09251,26.573896,39.595142
"1129",35.164402,38.320347,84.155663,31.620832,27.152449,26.558956,39.415977
"1130",35.124664,37.932167,84.295235,31.384855,27.172428,26.568918,39.435883
"1131",35.214066,37.852539,84.384964,31.434017,27.232367,26.608765,39.853935
"1132",35.303467,38.051605,84.095833,31.758484,27.192408,26.565821,40.212261
"1133",35.363068,37.703239,84.175598,31.630663,27.222378,26.605768,40.152538
"1134",35.223999,38.181,84.703995,31.611002,27.272327,26.605768,39.197002
"1135",35.240002,38.549999,84.470001,31.719999,27.202356,26.625742,39.619999
"1136",34.990002,38.380001,84.769997,31.719999,27.31208,26.655704,39.580002
"1137",35.16,38.689999,83.839996,31.639999,27.25223,26.615755,39
"1138",35.52,39.23,83.779999,31.860001,27.142504,26.575808,39.599998
"1139",35.830002,38.880001,84.239998,33.029999,27.052729,26.455961,41.209999
"1140",36.25,39.209999,85.580002,33.349998,26.992876,26.406027,41.970001
"1141",36.259998,40.07,86.190002,33.27,27.002851,26.376064,41.869999
"1142",36.07,39.84,86.160004,33.419998,26.952976,26.346102,41.860001
"1143",36.18,40.119999,85.760002,33.869999,26.943001,26.346102,42.610001
"1144",36.09,40.18,85.910004,33.709999,27.002851,26.425999,42.290001
"1145",36.119999,40.380001,85.169998,33.950001,26.92305,26.376064,43.119999
"1146",36.040001,40.220001,85.199997,33.720001,27.002851,26.411018,42.490002
"1147",36.119999,40.880001,85.559998,33.900002,27.012827,26.485924,42.700001
"1148",36.130001,40.959999,85.860001,33.889999,27.022802,26.445974,43.029999
"1149",36.23,41.330002,86.480003,33.790001,26.992876,26.440981,43.25
"1150",36.029999,41.299999,86.379997,33.639999,26.943001,26.411018,42.82
"1151",35.889999,41.330002,86.769997,33.619999,26.952976,26.416014,43.360001
"1152",36,41.580002,87.199997,33.610001,27.022802,26.465948,43.240002
"1153",35.759998,41.130001,86.739998,33.540001,26.962952,26.475937,43
"1154",35.040001,40.490002,85.190002,33.189999,26.972927,26.475937,42.189999
"1155",35.52,40.709999,86.110001,33.400002,26.943001,26.445974,42.099998
"1156",34.93,39.759998,84.300003,32.619999,26.950001,26.425999,41.450001
