VCN.TO,Daily Ret,Ret Sqd,Est Var,Vol,Est Vol,,,
$25.19,,,,,,,omega,0.00000
$25.42,0.9157%,0.0080%,0.0052%,0.8928%,0.7229%,,alpha1,0.09614
$25.42,0.0000%,0.0000%,0.0055%,0.0230%,0.7409%,,beta1,0.88201
$24.73,-2.7727%,0.0782%,0.0050%,2.7957%,0.7040%,,,
$24.56,-0.6617%,0.0047%,0.0120%,0.6846%,1.0954%,,,
$24.60,0.1397%,0.0001%,0.0111%,0.1167%,1.0559%,,,
$24.76,0.6608%,0.0041%,0.0100%,0.6378%,0.9980%,,,
$24.76,0.0000%,0.0000%,0.0093%,0.0230%,0.9639%,,,
$24.53,-0.9403%,0.0093%,0.0083%,0.9633%,0.9115%,,,
$24.33,-0.8080%,0.0069%,0.0083%,0.8310%,0.9130%,,,
$24.13,-0.8502%,0.0076%,0.0081%,0.8731%,0.9016%,,,
$24.61,1.9726%,0.0380%,0.0080%,1.9496%,0.8954%,,,
$24.61,0.0000%,0.0000%,0.0108%,0.0230%,1.0411%,,,
$24.61,0.0000%,0.0000%,0.0097%,0.0230%,0.9836%,,,
$24.62,0.0349%,0.0000%,0.0086%,0.0119%,0.9300%,,,
$25.07,1.8311%,0.0327%,0.0077%,1.8082%,0.8799%,,,
$25.48,1.6299%,0.0258%,0.0101%,1.6070%,1.0043%,,,
$25.48,0.0000%,0.0000%,0.0115%,0.0230%,1.0721%,,,
$25.47,-0.0337%,0.0000%,0.0103%,0.0566%,1.0125%,,,
$25.51,0.1347%,0.0001%,0.0092%,0.1117%,0.9570%,,,
$25.15,-1.4233%,0.0209%,0.0082%,1.4462%,0.9058%,,,
$25.33,0.7142%,0.0048%,0.0094%,0.6912%,0.9676%,,,
$25.33,0.0000%,0.0000%,0.0088%,0.0230%,0.9397%,,,
$25.69,1.4132%,0.0193%,0.0079%,1.3903%,0.8890%,,,
$25.99,1.1626%,0.0130%,0.0089%,1.1397%,0.9457%,,,
$25.83,-0.5962%,0.0038%,0.0093%,0.6192%,0.9618%,,,
$26.01,0.6623%,0.0041%,0.0086%,0.6393%,0.9296%,,,
$26.01,0.0000%,0.0000%,0.0081%,0.0230%,0.9016%,,,
$26.11,0.3952%,0.0014%,0.0073%,0.3723%,0.8535%,,,
$26.11,0.0000%,0.0000%,0.0067%,0.0230%,0.8169%,,,
$26.14,0.1314%,0.0001%,0.0060%,0.1084%,0.7746%,,,
$26.40,0.9801%,0.0092%,0.0054%,0.9571%,0.7361%,,,
$26.40,0.0000%,0.0000%,0.0058%,0.0230%,0.7598%,,,
$26.42,0.0650%,0.0000%,0.0052%,0.0420%,0.7216%,,,
$26.27,-0.5538%,0.0033%,0.0047%,0.5768%,0.6862%,,,
$26.20,-0.2617%,0.0008%,0.0046%,0.2847%,0.6773%,,,
$26.20,0.0000%,0.0000%,0.0042%,0.0230%,0.6510%,,,
$26.21,0.0328%,0.0000%,0.0039%,0.0098%,0.6207%,,,
$26.19,-0.0983%,0.0001%,0.0035%,0.1213%,0.5926%,,,
$26.35,0.6208%,0.0036%,0.0032%,0.5979%,0.5680%,,,
$26.38,0.1302%,0.0001%,0.0033%,0.1072%,0.5747%,,,
$26.38,0.0000%,0.0000%,0.0030%,0.0230%,0.5513%,,,
$26.44,0.2275%,0.0004%,0.0028%,0.2045%,0.5287%,,,
$26.18,-1.0112%,0.0107%,0.0026%,1.0342%,0.5118%,,,
$26.10,-0.2955%,0.0010%,0.0035%,0.3185%,0.5876%,,,
$25.88,-0.8587%,0.0078%,0.0033%,0.8816%,0.5707%,,,
$25.88,0.0000%,0.0000%,0.0037%,0.0230%,0.6111%,,,
$25.73,-0.5655%,0.0035%,0.0034%,0.5884%,0.5838%,,,
$25.35,-1.4785%,0.0225%,0.0035%,1.5014%,0.5877%,,,
$25.49,0.5402%,0.0027%,0.0053%,0.5172%,0.7299%,,,
$25.55,0.2354%,0.0005%,0.0051%,0.2125%,0.7121%,,,
$25.55,0.0000%,0.0000%,0.0046%,0.0230%,0.6804%,,,
$25.77,0.8696%,0.0072%,0.0042%,0.8466%,0.6479%,,,
$25.86,0.3324%,0.0010%,0.0045%,0.3095%,0.6713%,,,
$25.94,0.2983%,0.0008%,0.0042%,0.2754%,0.6466%,,,
$25.94,0.0000%,0.0000%,0.0039%,0.0230%,0.6224%,,,
$25.94,0.0000%,0.0000%,0.0035%,0.0230%,0.5943%,,,
$26.08,0.5441%,0.0027%,0.0032%,0.5212%,0.5683%,,,
$26.31,0.8895%,0.0075%,0.0032%,0.8665%,0.5678%,,,
$25.73,-2.2555%,0.0519%,0.0037%,2.2785%,0.6066%,,,
$25.73,0.0000%,0.0000%,0.0084%,0.0230%,0.9138%,,,
$25.73,0.0000%,0.0000%,0.0075%,0.0230%,0.8649%,,,
$25.92,0.7353%,0.0051%,0.0067%,0.7123%,0.8193%,,,
$25.89,-0.0999%,0.0002%,0.0065%,0.1229%,0.8076%,,,
$26.12,0.8960%,0.0076%,0.0059%,0.8730%,0.7669%,,,
$26.12,0.0000%,0.0000%,0.0060%,0.0230%,0.7768%,,,
$26.29,0.6257%,0.0036%,0.0054%,0.6028%,0.7374%,,,
$26.44,0.5892%,0.0032%,0.0053%,0.5662%,0.7252%,,,
$26.76,1.2003%,0.0139%,0.0051%,1.1774%,0.7114%,,,
$26.76,0.0000%,0.0000%,0.0059%,0.0230%,0.7688%,,,
$26.76,0.0000%,0.0000%,0.0053%,0.0230%,0.7299%,,,
$26.73,-0.1291%,0.0002%,0.0048%,0.1520%,0.6938%,,,
$26.75,0.0968%,0.0001%,0.0044%,0.0738%,0.6620%,,,
$26.70,-0.1937%,0.0005%,0.0040%,0.2167%,0.6313%,,,
$26.70,0.0000%,0.0000%,0.0037%,0.0230%,0.6061%,,,
$26.70,0.0000%,0.0000%,0.0034%,0.0230%,0.5792%,,,
$26.82,0.4515%,0.0018%,0.0031%,0.4285%,0.5544%,,,
$26.71,-0.4191%,0.0020%,0.0030%,0.4421%,0.5479%,,,
$26.61,-0.3560%,0.0014%,0.0029%,0.3790%,0.5431%,,,
$26.84,0.8395%,0.0067%,0.0029%,0.8166%,0.5342%,,,
$26.84,0.0000%,0.0000%,0.0033%,0.0230%,0.5721%,,,
$26.71,-0.4835%,0.0026%,0.0030%,0.5064%,0.5478%,,,
$26.74,0.0969%,0.0001%,0.0030%,0.0739%,0.5484%,,,
$26.76,0.0968%,0.0001%,0.0028%,0.0738%,0.5265%,,,
$26.81,0.1933%,0.0003%,0.0026%,0.1703%,0.5064%,,,
$26.81,0.0000%,0.0000%,0.0024%,0.0230%,0.4903%,,,
$26.81,0.0000%,0.0000%,0.0022%,0.0230%,0.4728%,,,
$26.42,-1.4916%,0.0229%,0.0021%,1.5145%,0.4568%,,,
$26.15,-1.0179%,0.0108%,0.0042%,1.0409%,0.6449%,,,
$26.44,1.1159%,0.0119%,0.0048%,1.0929%,0.6946%,,,
$26.44,0.0000%,0.0000%,0.0055%,0.0230%,0.7428%,,,
$26.38,-0.2287%,0.0006%,0.0050%,0.2517%,0.7058%,,,
$26.23,-0.5577%,0.0034%,0.0046%,0.5806%,0.6759%,,,
$26.31,0.2956%,0.0007%,0.0045%,0.2727%,0.6684%,,,
$26.31,0.0000%,0.0000%,0.0041%,0.0230%,0.6424%,,,
$26.31,0.0000%,0.0000%,0.0038%,0.0230%,0.6127%,,,
$26.36,0.1639%,0.0002%,0.0034%,0.1409%,0.5853%,,,
$26.33,-0.0983%,0.0001%,0.0032%,0.1212%,0.5617%,,,
$26.51,0.6859%,0.0044%,0.0029%,0.6630%,0.5396%,,,
$26.51,0.0000%,0.0000%,0.0031%,0.0230%,0.5572%,,,
$26.48,-0.0977%,0.0001%,0.0029%,0.1206%,0.5341%,,,
$26.23,-0.9823%,0.0101%,0.0026%,1.0053%,0.5142%,,,
$26.21,-0.0658%,0.0001%,0.0034%,0.0888%,0.5847%,,,
$26.21,0.0000%,0.0000%,0.0031%,0.0230%,0.5601%,,,
$26.21,0.0000%,0.0000%,0.0029%,0.0230%,0.5368%,,,
$26.28,0.2631%,0.0006%,0.0027%,0.2401%,0.5154%,,,
$26.41,0.4914%,0.0022%,0.0025%,0.4684%,0.5012%,,,
$26.11,-1.1504%,0.0138%,0.0025%,1.1733%,0.5041%,,,
$26.11,0.0000%,0.0000%,0.0037%,0.0230%,0.6065%,,,
$26.11,0.0000%,0.0000%,0.0034%,0.0230%,0.5796%,,,
$25.73,-1.4317%,0.0212%,0.0031%,1.4546%,0.5548%,,,
$25.82,0.3348%,0.0010%,0.0049%,0.3118%,0.6974%,,,
$25.75,-0.2677%,0.0008%,0.0045%,0.2907%,0.6706%,,,
$25.75,0.0000%,0.0000%,0.0042%,0.0230%,0.6451%,,,
$25.75,0.0000%,0.0000%,0.0038%,0.0230%,0.6153%,,,
$25.74,-0.0335%,0.0000%,0.0035%,0.0565%,0.5877%,,,
$25.72,-0.1006%,0.0002%,0.0032%,0.1236%,0.5624%,,,
$25.54,-0.7072%,0.0053%,0.0029%,0.7301%,0.5403%,,,
$25.54,0.0000%,0.0000%,0.0032%,0.0230%,0.5658%,,,
$25.54,0.0000%,0.0000%,0.0029%,0.0230%,0.5421%,,,
$25.82,1.1091%,0.0118%,0.0027%,1.0861%,0.5202%,,,
$26.03,0.7989%,0.0060%,0.0036%,0.7760%,0.6029%,,,
$25.85,-0.6731%,0.0048%,0.0039%,0.6961%,0.6245%,,,
$25.85,0.0000%,0.0000%,0.0040%,0.0230%,0.6340%,,,
$25.85,0.0000%,0.0000%,0.0037%,0.0230%,0.6050%,,,
$25.42,-1.6944%,0.0295%,0.0033%,1.7173%,0.5782%,,,
$25.42,0.0000%,0.0000%,0.0059%,0.0230%,0.7680%,,,
$25.59,0.6812%,0.0043%,0.0053%,0.6582%,0.7291%,,,
$25.59,0.0000%,0.0000%,0.0052%,0.0230%,0.7225%,,,
$25.47,-0.4763%,0.0025%,0.0047%,0.4993%,0.6869%,,,
$25.51,0.1363%,0.0001%,0.0045%,0.1134%,0.6720%,,,
$25.18,-1.2682%,0.0167%,0.0041%,1.2912%,0.6411%,,,
$25.18,0.0000%,0.0000%,0.0053%,0.0230%,0.7309%,,,
$25.18,0.0000%,0.0000%,0.0048%,0.0230%,0.6947%,,,
$25.40,0.8587%,0.0070%,0.0044%,0.8357%,0.6612%,,,
$25.51,0.4436%,0.0018%,0.0046%,0.4207%,0.6813%,,,
$25.57,0.2041%,0.0003%,0.0044%,0.1811%,0.6617%,,,
$25.57,0.0000%,0.0000%,0.0040%,0.0230%,0.6330%,,,
$25.57,0.0000%,0.0000%,0.0036%,0.0230%,0.6041%,,,
$25.18,-1.5064%,0.0234%,0.0033%,1.5293%,0.5773%,,,
$25.08,-0.4148%,0.0019%,0.0053%,0.4377%,0.7282%,,,
$24.76,-1.2899%,0.0172%,0.0050%,1.3129%,0.7054%,,,
$24.76,0.0000%,0.0000%,0.0062%,0.0230%,0.7848%,,,
$24.76,0.0000%,0.0000%,0.0055%,0.0230%,0.7448%,,,
$24.41,-1.4135%,0.0206%,0.0050%,1.4364%,0.7076%,,,
$24.61,0.8152%,0.0063%,0.0065%,0.7922%,0.8071%,,,
$25.30,2.7504%,0.0744%,0.0065%,2.7274%,0.8040%,,,
$25.30,0.0000%,0.0000%,0.0130%,0.0230%,1.1387%,,,
$25.36,0.2401%,0.0005%,0.0116%,0.2171%,1.0748%,,,
$25.17,-0.7565%,0.0061%,0.0103%,0.7795%,1.0172%,,,
$25.00,-0.6580%,0.0046%,0.0098%,0.6810%,0.9912%,,,
$25.30,1.1744%,0.0133%,0.0092%,1.1515%,0.9605%,,,
$25.18,-0.4474%,0.0022%,0.0095%,0.4704%,0.9760%,,,
$25.09,-0.3801%,0.0016%,0.0087%,0.4031%,0.9343%,,,
$24.91,-0.7298%,0.0057%,0.0080%,0.7528%,0.8927%,,,
$24.98,0.3134%,0.0008%,0.0077%,0.2905%,0.8768%,,,
$24.98,0.0000%,0.0000%,0.0070%,0.0230%,0.8352%,,,
$24.98,0.0000%,0.0000%,0.0063%,0.0230%,0.7917%,,,
$24.92,-0.2437%,0.0007%,0.0056%,0.2666%,0.7512%,,,
$24.80,-0.4892%,0.0026%,0.0052%,0.5121%,0.7183%,,,
$23.55,-5.1754%,0.2702%,0.0049%,5.1984%,0.7012%,,,
$23.55,0.0000%,0.0000%,0.0304%,0.0230%,1.7444%,,,
$22.85,-3.0334%,0.0934%,0.0270%,3.0563%,1.6418%,,,
$23.04,0.8330%,0.0066%,0.0329%,0.8101%,1.8130%,,,
$23.35,1.3483%,0.0176%,0.0297%,1.3254%,1.7244%,,,
$24.21,3.6168%,0.1292%,0.0280%,3.5939%,1.6742%,,,
$24.21,0.0000%,0.0000%,0.0373%,0.0230%,1.9301%,,,
$24.21,0.0000%,0.0000%,0.0330%,0.0230%,1.8159%,,,
$24.19,-0.0718%,0.0001%,0.0292%,0.0948%,1.7087%,,,
$23.54,-2.7299%,0.0758%,0.0259%,2.7529%,1.6086%,,,
$23.61,0.2948%,0.0007%,0.0302%,0.2718%,1.7384%,,,
$23.61,0.0000%,0.0000%,0.0268%,0.0230%,1.6383%,,,
$23.72,0.4405%,0.0017%,0.0238%,0.4176%,1.5424%,,,
$23.78,0.2561%,0.0005%,0.0213%,0.2331%,1.4582%,,,
$23.58,-0.8439%,0.0075%,0.0189%,0.8669%,1.3755%,,,
$23.43,-0.6284%,0.0042%,0.0175%,0.6513%,1.3238%,,,
$23.61,0.7756%,0.0057%,0.0160%,0.7527%,1.2641%,,,
$23.43,-0.7756%,0.0064%,0.0148%,0.7986%,1.2146%,,,
$23.61,0.7756%,0.0057%,0.0137%,0.7527%,1.1722%,,,
$23.93,1.3521%,0.0177%,0.0128%,1.3292%,1.1304%,,,
$23.93,0.0000%,0.0000%,0.0131%,0.0230%,1.1438%,,,
$23.93,0.0000%,0.0000%,0.0117%,0.0230%,1.0795%,,,
$24.16,0.9393%,0.0084%,0.0104%,0.9163%,1.0195%,,,
$23.65,-2.1444%,0.0470%,0.0101%,2.1673%,1.0044%,,,
$23.43,-0.9362%,0.0092%,0.0135%,0.9592%,1.1631%,,,
$23.43,0.0000%,0.0000%,0.0129%,0.0230%,1.1371%,,,
$23.43,0.0000%,0.0000%,0.0115%,0.0230%,1.0733%,,,
$22.81,-2.6860%,0.0734%,0.0103%,2.7090%,1.0137%,,,
$22.73,-0.3457%,0.0014%,0.0162%,0.3686%,1.2740%,,,
$23.16,1.8678%,0.0340%,0.0146%,1.8448%,1.2067%,,,
$23.37,0.9397%,0.0084%,0.0162%,0.9167%,1.2739%,,,
$23.37,0.0000%,0.0000%,0.0152%,0.0230%,1.2344%,,,
$23.83,1.9267%,0.0362%,0.0136%,1.9037%,1.1642%,,,
$23.99,0.6584%,0.0040%,0.0156%,0.6354%,1.2471%,,,
$24.54,2.2708%,0.0505%,0.0142%,2.2478%,1.1925%,,,
$24.54,0.0000%,0.0000%,0.0175%,0.0230%,1.3234%,,,
$24.54,0.0000%,0.0000%,0.0156%,0.0230%,1.2475%,,,
$24.31,-0.9309%,0.0091%,0.0138%,0.9539%,1.1765%,,,
$24.40,0.3591%,0.0011%,0.0132%,0.3361%,1.1488%,,,
$24.40,0.0000%,0.0000%,0.0119%,0.0230%,1.0891%,,,
$24.40,0.0000%,0.0000%,0.0106%,0.0230%,1.0285%,,,
$24.09,-1.2624%,0.0165%,0.0094%,1.2854%,0.9718%,,,
$24.33,0.9753%,0.0091%,0.0100%,0.9523%,1.0016%,,,
$24.48,0.6449%,0.0039%,0.0098%,0.6220%,0.9917%,,,
$24.48,0.0000%,0.0000%,0.0092%,0.0230%,0.9571%,,,
$24.48,0.0000%,0.0000%,0.0082%,0.0230%,0.9052%,,,
$24.20,-1.1856%,0.0146%,0.0073%,1.2085%,0.8569%,,,
$24.06,-0.5799%,0.0036%,0.0080%,0.6028%,0.8941%,,,
$23.78,-1.1700%,0.0142%,0.0075%,1.1930%,0.8669%,,,
$23.78,0.0000%,0.0000%,0.0081%,0.0230%,0.9006%,,,
$23.78,0.0000%,0.0000%,0.0073%,0.0230%,0.8525%,,,
$23.94,0.6964%,0.0045%,0.0065%,0.6734%,0.8078%,,,
$24.01,0.2918%,0.0007%,0.0063%,0.2688%,0.7941%,,,
$23.81,-0.8411%,0.0075%,0.0057%,0.8641%,0.7580%,,,
$23.81,0.0000%,0.0000%,0.0059%,0.0230%,0.7681%,,,
$23.62,-0.8112%,0.0070%,0.0053%,0.8342%,0.7292%,,,
$23.55,-0.2966%,0.0010%,0.0055%,0.3196%,0.7398%,,,
$23.09,-1.9877%,0.0404%,0.0050%,2.0106%,0.7099%,,,
$22.97,-0.4937%,0.0027%,0.0084%,0.5166%,0.9190%,,,
$22.97,0.0000%,0.0000%,0.0078%,0.0230%,0.8843%,,,
$22.97,0.0000%,0.0000%,0.0070%,0.0230%,0.8374%,,,
$23.35,1.6236%,0.0256%,0.0063%,1.6007%,0.7937%,,,
$23.34,-0.0375%,0.0000%,0.0081%,0.0604%,0.9019%,,,
$23.57,1.0065%,0.0097%,0.0073%,0.9836%,0.8539%,,,
$23.57,0.0000%,0.0000%,0.0075%,0.0230%,0.8646%,,,
$23.57,0.0000%,0.0000%,0.0067%,0.0230%,0.8190%,,,
$23.52,-0.2228%,0.0006%,0.0060%,0.2457%,0.7766%,,,
$23.64,0.5191%,0.0025%,0.0055%,0.4961%,0.7411%,,,
$23.52,-0.5191%,0.0029%,0.0052%,0.5421%,0.7208%,,,
$23.52,0.0000%,0.0000%,0.0050%,0.0230%,0.7056%,,,
$23.52,0.0000%,0.0000%,0.0045%,0.0230%,0.6713%,,,
$23.69,0.7038%,0.0046%,0.0041%,0.6809%,0.6394%,,,
$23.45,-1.0017%,0.0105%,0.0042%,1.0246%,0.6455%,,,
$23.52,0.2978%,0.0008%,0.0048%,0.2749%,0.6927%,,,
$23.52,0.0000%,0.0000%,0.0044%,0.0230%,0.6648%,,,
$23.52,0.0000%,0.0000%,0.0040%,0.0230%,0.6334%,,,
$22.77,-3.2493%,0.1071%,0.0037%,3.2722%,0.6044%,,,
$22.71,-0.2692%,0.0009%,0.0136%,0.2921%,1.1675%,,,
$22.52,-0.8507%,0.0076%,0.0122%,0.8737%,1.1054%,,,
$22.52,0.0000%,0.0000%,0.0116%,0.0230%,1.0782%,,,
$22.52,0.0000%,0.0000%,0.0104%,0.0230%,1.0182%,,,
$22.35,-0.7406%,0.0058%,0.0093%,0.7636%,0.9622%,,,
$22.77,1.8605%,0.0338%,0.0088%,1.8376%,0.9403%,,,
$23.00,0.9935%,0.0094%,0.0112%,0.9706%,1.0563%,,,
$22.94,-0.2665%,0.0008%,0.0109%,0.2895%,1.0422%,,,
$23.08,0.6081%,0.0034%,0.0098%,0.5852%,0.9887%,,,
$23.43,1.5417%,0.0231%,0.0091%,1.5187%,0.9521%,,,
$23.52,0.3559%,0.0011%,0.0103%,0.3329%,1.0162%,,,
$23.40,-0.5249%,0.0030%,0.0093%,0.5479%,0.9659%,,,
$23.20,-0.8305%,0.0073%,0.0086%,0.8535%,0.9290%,,,
$22.99,-0.9139%,0.0088%,0.0084%,0.9369%,0.9180%,,,
$22.82,-0.7295%,0.0057%,0.0084%,0.7525%,0.9160%,,,
$22.82,0.0000%,0.0000%,0.0081%,0.0230%,0.8977%,,,
$22.49,-1.4752%,0.0224%,0.0072%,1.4981%,0.8499%,,,
$22.00,-2.2144%,0.0501%,0.0086%,2.2374%,0.9297%,,,
$21.97,-0.1200%,0.0002%,0.0125%,0.1430%,1.1203%,,,
$21.75,-1.0058%,0.0106%,0.0112%,1.0288%,1.0584%,,,
$21.85,0.4438%,0.0018%,0.0110%,0.4209%,1.0494%,,,
$21.48,-1.7053%,0.0299%,0.0100%,1.7283%,0.9999%,,,
$21.81,1.5441%,0.0231%,0.0118%,1.5212%,1.0865%,,,
$21.30,-2.3665%,0.0571%,0.0127%,2.3895%,1.1292%,,,
$21.06,-1.1210%,0.0131%,0.0168%,1.1440%,1.2980%,,,
$21.20,0.6244%,0.0036%,0.0162%,0.6014%,1.2741%,,,
$20.89,-1.4629%,0.0221%,0.0148%,1.4859%,1.2157%,,,
$21.28,1.8770%,0.0344%,0.0153%,1.8540%,1.2358%,,,
$21.86,2.6907%,0.0712%,0.0169%,2.6678%,1.2996%,,,
$21.46,-1.8677%,0.0357%,0.0219%,1.8906%,1.4783%,,,
$21.80,1.5857%,0.0244%,0.0228%,1.5628%,1.5108%,,,
$21.88,0.3624%,0.0012%,0.0226%,0.3394%,1.5031%,,,
$22.32,1.9897%,0.0387%,0.0202%,1.9668%,1.4196%,,,
$22.60,1.2530%,0.0151%,0.0216%,1.2300%,1.4700%,,,
$22.45,-0.6637%,0.0047%,0.0206%,0.6867%,1.4362%,,,
$22.00,-2.0578%,0.0433%,0.0188%,2.0808%,1.3697%,,,
$22.30,1.3503%,0.0176%,0.0208%,1.3273%,1.4430%,,,
$22.62,1.4490%,0.0203%,0.0202%,1.4261%,1.4204%,,,
$22.59,-0.1557%,0.0003%,0.0199%,0.1786%,1.4094%,,,
$22.17,-1.8472%,0.0350%,0.0177%,1.8701%,1.3291%,,,
$21.70,-2.1653%,0.0479%,0.0191%,2.1882%,1.3805%,,,
$21.54,-0.7323%,0.0057%,0.0215%,0.7552%,1.4672%,,,
$21.34,-0.9436%,0.0093%,0.0196%,0.9666%,1.4017%,,,
$21.93,2.7243%,0.0730%,0.0183%,2.7014%,1.3543%,,,
$22.23,1.3942%,0.0188%,0.0233%,1.3712%,1.5267%,,,
$22.84,2.6929%,0.0713%,0.0225%,2.6699%,1.4993%,,,
$22.92,0.3459%,0.0010%,0.0268%,0.3230%,1.6369%,,,
$22.72,-0.8865%,0.0083%,0.0238%,0.9094%,1.5443%,,,
$22.81,0.3864%,0.0013%,0.0219%,0.3634%,1.4813%,,,
$22.58,-1.0078%,0.0106%,0.0196%,1.0307%,1.3998%,,,
$22.58,0.0000%,0.0000%,0.0184%,0.0230%,1.3571%,,,
$22.58,0.0000%,0.0000%,0.0164%,0.0230%,1.2791%,,,
$22.71,0.5826%,0.0031%,0.0145%,0.5597%,1.2060%,,,
$22.71,0.0000%,0.0000%,0.0132%,0.0230%,1.1508%,,,
$23.03,1.4228%,0.0196%,0.0118%,1.3999%,1.0861%,,,
$23.14,0.4571%,0.0019%,0.0124%,0.4342%,1.1136%,,,
$23.32,0.7573%,0.0054%,0.0112%,0.7344%,1.0599%,,,
$23.48,0.7142%,0.0048%,0.0105%,0.6912%,1.0267%,,,
$23.79,1.3023%,0.0164%,0.0099%,1.2794%,0.9935%,,,
$23.67,-0.5189%,0.0029%,0.0104%,0.5419%,1.0195%,,,
$23.81,0.5928%,0.0032%,0.0096%,0.5698%,0.9780%,,,
$23.79,-0.0739%,0.0001%,0.0089%,0.0969%,0.9414%,,,
$24.07,1.1761%,0.0133%,0.0079%,1.1531%,0.8910%,,,
$23.97,-0.4394%,0.0021%,0.0084%,0.4624%,0.9163%,,,
$23.65,-1.3299%,0.0183%,0.0077%,1.3529%,0.8789%,,,
$23.84,0.7780%,0.0057%,0.0087%,0.7550%,0.9320%,,,
$24.08,1.0279%,0.0101%,0.0083%,1.0049%,0.9124%,,,
$23.86,-0.9173%,0.0088%,0.0084%,0.9402%,0.9180%,,,
$23.97,0.4597%,0.0019%,0.0084%,0.4367%,0.9163%,,,
$23.87,-0.4228%,0.0020%,0.0077%,0.4458%,0.8777%,,,
$23.66,-0.8882%,0.0083%,0.0071%,0.9112%,0.8426%,,,
$23.58,-0.3351%,0.0013%,0.0072%,0.3581%,0.8470%,,,
$23.66,0.3351%,0.0010%,0.0066%,0.3122%,0.8103%,,,
$23.74,0.3340%,0.0010%,0.0060%,0.3111%,0.7745%,,,
$23.87,0.5542%,0.0028%,0.0055%,0.5312%,0.7415%,,,
$23.84,-0.1106%,0.0002%,0.0052%,0.1336%,0.7235%,,,
$23.76,-0.3325%,0.0013%,0.0047%,0.3555%,0.6891%,,,
$23.57,-0.8176%,0.0071%,0.0044%,0.8405%,0.6651%,,,
$23.53,-0.1867%,0.0004%,0.0047%,0.2097%,0.6852%,,,
$23.60,0.2986%,0.0008%,0.0043%,0.2757%,0.6556%,,,
$23.45,-0.6356%,0.0043%,0.0040%,0.6586%,0.6307%,,,
$23.69,1.0077%,0.0097%,0.0040%,0.9847%,0.6356%,,,
$23.77,0.3706%,0.0012%,0.0046%,0.3477%,0.6789%,,,
$24.05,1.1403%,0.0125%,0.0043%,1.1174%,0.6554%,,,
$24.22,0.7289%,0.0050%,0.0051%,0.7059%,0.7144%,,,
$24.17,-0.2181%,0.0006%,0.0051%,0.2411%,0.7138%,,,
$24.13,-0.1457%,0.0003%,0.0047%,0.1686%,0.6829%,,,
$24.30,0.6900%,0.0044%,0.0043%,0.6671%,0.6523%,,,
$24.56,1.0441%,0.0104%,0.0043%,1.0212%,0.6554%,,,
$24.65,0.3932%,0.0014%,0.0049%,0.3702%,0.7003%,,,
$24.59,-0.2501%,0.0007%,0.0046%,0.2730%,0.6762%,,,
$24.64,0.2144%,0.0004%,0.0042%,0.1914%,0.6495%,,,
$24.48,-0.6804%,0.0049%,0.0039%,0.7033%,0.6221%,,,
$24.53,0.2153%,0.0004%,0.0040%,0.1924%,0.6327%,,,
$24.66,0.5364%,0.0026%,0.0037%,0.5134%,0.6067%,,,
$24.63,-0.1427%,0.0003%,0.0036%,0.1657%,0.6012%,,,
$24.80,0.7117%,0.0047%,0.0033%,0.6888%,0.5769%,,,
$24.63,-0.7117%,0.0054%,0.0035%,0.7347%,0.5921%,,,
$24.34,-1.1856%,0.0146%,0.0037%,1.2085%,0.6104%,,,
$24.20,-0.5799%,0.0036%,0.0048%,0.6029%,0.6931%,,,
$24.17,-0.1091%,0.0002%,0.0047%,0.1321%,0.6856%,,,
$24.35,0.7252%,0.0049%,0.0043%,0.7022%,0.6540%,,,
$24.06,-1.1628%,0.0141%,0.0044%,1.1858%,0.6604%,,,
$24.46,1.6314%,0.0259%,0.0053%,1.6084%,0.7289%,,,
$24.45,-0.0360%,0.0000%,0.0073%,0.0589%,0.8536%,,,
$24.48,0.1079%,0.0001%,0.0065%,0.0849%,0.8090%,,,
$24.40,-0.3239%,0.0012%,0.0059%,0.3469%,0.7677%,,,
$24.70,1.2182%,0.0143%,0.0054%,1.1952%,0.7367%,,,
$24.71,0.0712%,0.0000%,0.0063%,0.0483%,0.7922%,,,
$24.57,-0.6068%,0.0040%,0.0057%,0.6298%,0.7517%,,,
$24.56,-0.0358%,0.0000%,0.0055%,0.0588%,0.7403%,,,
$24.78,0.8914%,0.0075%,0.0050%,0.8685%,0.7036%,,,
$24.78,0.0000%,0.0000%,0.0052%,0.0230%,0.7215%,,,
$25.00,0.9187%,0.0080%,0.0047%,0.8958%,0.6860%,,,
$24.98,-0.1056%,0.0002%,0.0050%,0.1285%,0.7097%,,,
$25.08,0.3866%,0.0013%,0.0046%,0.3636%,0.6762%,,,
$25.04,-0.1404%,0.0003%,0.0043%,0.1634%,0.6538%,,,
$25.00,-0.1758%,0.0004%,0.0039%,0.1987%,0.6253%,,,
$25.01,0.0703%,0.0000%,0.0036%,0.0474%,0.6001%,,,
$25.15,0.5610%,0.0029%,0.0033%,0.5381%,0.5738%,,,
$25.32,0.6621%,0.0041%,0.0033%,0.6392%,0.5741%,,,
$25.41,0.3468%,0.0010%,0.0034%,0.3238%,0.5843%,,,
$25.55,0.5523%,0.0028%,0.0032%,0.5293%,0.5680%,,,
$25.46,-0.3448%,0.0014%,0.0032%,0.3678%,0.5683%,,,
$25.38,-0.3113%,0.0011%,0.0031%,0.3343%,0.5561%,,,
$24.97,-1.6420%,0.0277%,0.0029%,1.6649%,0.5431%,,,
$24.92,-0.2116%,0.0006%,0.0054%,0.2345%,0.7335%,,,
$24.74,-0.7059%,0.0053%,0.0049%,0.7289%,0.7009%,,,
$24.80,0.2501%,0.0005%,0.0050%,0.2272%,0.7041%,,,
$24.72,-0.3217%,0.0012%,0.0045%,0.3447%,0.6736%,,,
$24.77,0.1788%,0.0002%,0.0042%,0.1559%,0.6504%,,,
$25.02,0.9957%,0.0095%,0.0039%,0.9728%,0.6220%,,,
$24.98,-0.1416%,0.0003%,0.0044%,0.1646%,0.6660%,,,
$24.95,-0.1064%,0.0002%,0.0041%,0.1293%,0.6366%,,,
$25.17,0.8478%,0.0068%,0.0037%,0.8248%,0.6087%,,,
$24.77,-1.5955%,0.0262%,0.0040%,1.6185%,0.6353%,,,
$24.38,-1.5850%,0.0259%,0.0062%,1.6080%,0.7869%,,,
$24.68,1.2270%,0.0145%,0.0081%,1.2041%,0.8979%,,,
$25.02,1.3891%,0.0187%,0.0086%,1.3662%,0.9283%,,,
$25.05,0.1061%,0.0001%,0.0095%,0.0831%,0.9752%,,,
$25.45,1.5776%,0.0242%,0.0085%,1.5546%,0.9224%,,,
$25.37,-0.3135%,0.0011%,0.0099%,0.3365%,0.9971%,,,
$25.41,0.1395%,0.0001%,0.0090%,0.1165%,0.9483%,,,
$25.21,-0.7695%,0.0063%,0.0081%,0.7925%,0.8977%,,,
$25.49,1.1173%,0.0120%,0.0078%,1.0944%,0.8846%,,,
$25.64,0.5885%,0.0032%,0.0082%,0.5656%,0.9038%,,,
$25.85,0.7908%,0.0059%,0.0076%,0.7678%,0.8733%,,,
$25.87,0.1027%,0.0001%,0.0074%,0.0798%,0.8606%,,,
$25.91,0.1367%,0.0001%,0.0067%,0.1138%,0.8157%,,,
$25.86,-0.2052%,0.0005%,0.0060%,0.2282%,0.7743%,,,
$25.95,0.3418%,0.0010%,0.0055%,0.3188%,0.7384%,,,
$25.93,-0.0683%,0.0001%,0.0050%,0.0912%,0.7086%,,,
$25.93,0.0000%,0.0000%,0.0046%,0.0230%,0.6746%,,,
$26.02,0.3408%,0.0010%,0.0041%,0.3179%,0.6425%,,,
$26.06,0.1700%,0.0002%,0.0039%,0.1470%,0.6207%,,,
$25.84,-0.8528%,0.0077%,0.0035%,0.8758%,0.5944%,,,
$25.98,0.5466%,0.0027%,0.0040%,0.5237%,0.6299%,,,
$25.98,0.0000%,0.0000%,0.0039%,0.0230%,0.6227%,,,
$25.99,0.0341%,0.0000%,0.0035%,0.0111%,0.5945%,,,
$26.06,0.2721%,0.0006%,0.0032%,0.2491%,0.5685%,,,
$25.86,-0.7843%,0.0065%,0.0030%,0.8073%,0.5499%,,,
$25.95,0.3759%,0.0012%,0.0034%,0.3529%,0.5838%,,,
$25.96,0.0341%,0.0000%,0.0032%,0.0111%,0.5692%,,,
$26.14,0.6796%,0.0043%,0.0030%,0.6566%,0.5452%,,,
$26.39,0.9438%,0.0085%,0.0032%,0.9208%,0.5613%,,,
$26.47,0.3014%,0.0008%,0.0037%,0.2785%,0.6089%,,,
$26.38,-0.3350%,0.0013%,0.0035%,0.3580%,0.5881%,,,
$26.46,0.3015%,0.0008%,0.0033%,0.2786%,0.5734%,,,
$26.37,-0.3351%,0.0013%,0.0031%,0.3581%,0.5558%,,,
$26.42,0.2012%,0.0003%,0.0030%,0.1782%,0.5442%,,,
$26.34,-0.3020%,0.0011%,0.0028%,0.3249%,0.5251%,,,
$26.29,-0.2018%,0.0005%,0.0026%,0.2248%,0.5146%,,,
$26.30,0.0336%,0.0000%,0.0025%,0.0107%,0.4998%,,,
$26.26,-0.1347%,0.0002%,0.0023%,0.1577%,0.4814%,,,
$26.37,0.4036%,0.0014%,0.0022%,0.3807%,0.4671%,,,
$26.41,0.1677%,0.0002%,0.0022%,0.1447%,0.4667%,,,
$26.18,-0.9090%,0.0087%,0.0021%,0.9319%,0.4534%,,,
$26.16,-0.0677%,0.0001%,0.0028%,0.0906%,0.5256%,,,
$26.20,0.1691%,0.0002%,0.0026%,0.1461%,0.5058%,,,
$26.27,0.2699%,0.0006%,0.0024%,0.2470%,0.4890%,,,
$26.27,0.0000%,0.0000%,0.0023%,0.0230%,0.4777%,,,
$26.10,-0.6761%,0.0049%,0.0021%,0.6991%,0.4612%,,,
$26.30,0.7771%,0.0057%,0.0025%,0.7542%,0.4960%,,,
$26.49,0.7043%,0.0046%,0.0028%,0.6814%,0.5321%,,,
$26.52,0.1336%,0.0001%,0.0031%,0.1106%,0.5530%,,,
$26.52,0.0000%,0.0000%,0.0028%,0.0230%,0.5313%,,,
$26.50,-0.0668%,0.0001%,0.0026%,0.0897%,0.5103%,,,
$26.06,-1.6841%,0.0291%,0.0024%,1.7071%,0.4918%,,,
$26.21,0.5758%,0.0031%,0.0050%,0.5528%,0.7106%,,,
$25.74,-1.8213%,0.0340%,0.0049%,1.8443%,0.6973%,,,
$25.76,0.1038%,0.0001%,0.0077%,0.0808%,0.8759%,,,
$26.01,0.9635%,0.0088%,0.0069%,0.9406%,0.8299%,,,
$25.87,-0.5494%,0.0033%,0.0070%,0.5724%,0.8390%,,,
$26.01,0.5494%,0.0028%,0.0066%,0.5265%,0.8147%,,,
$26.05,0.1369%,0.0001%,0.0062%,0.1139%,0.7897%,,,
$26.34,1.1222%,0.0121%,0.0056%,1.0993%,0.7501%,,,
$26.56,0.8084%,0.0062%,0.0062%,0.7854%,0.7898%,,,
$26.34,-0.8084%,0.0069%,0.0062%,0.8313%,0.7880%,,,
$26.25,-0.3387%,0.0013%,0.0063%,0.3617%,0.7909%,,,
$26.12,-0.5103%,0.0028%,0.0058%,0.5333%,0.7588%,,,
$26.42,1.1530%,0.0128%,0.0055%,1.1300%,0.7393%,,,
$26.50,0.2693%,0.0006%,0.0062%,0.2464%,0.7850%,,,
$26.52,0.1009%,0.0001%,0.0056%,0.0779%,0.7489%,,,
$26.38,-0.5389%,0.0032%,0.0051%,0.5619%,0.7118%,,,
$26.08,-1.1549%,0.0139%,0.0049%,1.1779%,0.6990%,,,
$26.26,0.7149%,0.0048%,0.0058%,0.6919%,0.7588%,,,
$26.25,-0.0339%,0.0000%,0.0057%,0.0569%,0.7519%,,,
$26.16,-0.3740%,0.0016%,0.0051%,0.3969%,0.7144%,,,
$26.19,0.1361%,0.0001%,0.0048%,0.1132%,0.6904%,,,
$26.30,0.4073%,0.0015%,0.0043%,0.3844%,0.6581%,,,
$26.33,0.1016%,0.0001%,0.0041%,0.0786%,0.6384%,,,
$26.24,-0.3390%,0.0013%,0.0037%,0.3619%,0.6095%,,,
$26.23,-0.0340%,0.0000%,0.0035%,0.0569%,0.5930%,,,
$26.52,1.1147%,0.0119%,0.0032%,1.0917%,0.5674%,,,
$26.69,0.6362%,0.0038%,0.0041%,0.6132%,0.6403%,,,
$26.68,-0.0334%,0.0000%,0.0041%,0.0563%,0.6397%,,,
$26.87,0.6987%,0.0046%,0.0037%,0.6758%,0.6104%,,,
$26.85,-0.0663%,0.0001%,0.0038%,0.0893%,0.6196%,,,
$26.75,-0.3656%,0.0015%,0.0035%,0.3886%,0.5923%,,,
$26.62,-0.5008%,0.0027%,0.0034%,0.5237%,0.5791%,,,
$26.74,0.4341%,0.0017%,0.0033%,0.4112%,0.5776%,,,
$26.62,-0.4341%,0.0021%,0.0032%,0.4571%,0.5674%,,,
$26.66,0.1338%,0.0001%,0.0032%,0.1108%,0.5616%,,,
$26.61,-0.1673%,0.0004%,0.0029%,0.1902%,0.5393%,,,
$26.30,-1.1786%,0.0144%,0.0027%,1.2016%,0.5210%,,,
$26.25,-0.2035%,0.0005%,0.0039%,0.2264%,0.6242%,,,
$26.13,-0.4422%,0.0022%,0.0036%,0.4652%,0.6000%,,,
$26.36,0.8826%,0.0074%,0.0035%,0.8596%,0.5914%,,,
$26.41,0.1688%,0.0002%,0.0039%,0.1459%,0.6252%,,,
$26.58,0.6725%,0.0042%,0.0036%,0.6495%,0.5986%,,,
$26.59,0.0335%,0.0000%,0.0037%,0.0105%,0.6066%,,,
$26.23,-1.3830%,0.0198%,0.0034%,1.4060%,0.5796%,,,
$26.35,0.4744%,0.0020%,0.0050%,0.4515%,0.7056%,,,
$26.63,1.0425%,0.0104%,0.0047%,1.0196%,0.6856%,,,
$26.60,-0.1004%,0.0002%,0.0053%,0.1234%,0.7252%,,,
$26.76,0.6010%,0.0033%,0.0048%,0.5780%,0.6905%,,,
$26.84,0.2992%,0.0008%,0.0046%,0.2762%,0.6812%,,,
$27.17,1.2205%,0.0143%,0.0043%,1.1976%,0.6543%,,,
$27.29,0.4253%,0.0016%,0.0053%,0.4024%,0.7259%,,,
$27.26,-0.0980%,0.0001%,0.0049%,0.1209%,0.7012%,,,
$27.26,0.0000%,0.0000%,0.0045%,0.0230%,0.6682%,,,
$27.29,0.0980%,0.0001%,0.0041%,0.0750%,0.6366%,,,
$27.12,-0.6222%,0.0042%,0.0037%,0.6452%,0.6078%,,,
$27.09,-0.0986%,0.0001%,0.0038%,0.1216%,0.6142%,,,
$27.31,0.7861%,0.0058%,0.0035%,0.7632%,0.5879%,,,
$27.20,-0.3923%,0.0017%,0.0037%,0.4152%,0.6101%,,,
$27.25,0.1963%,0.0003%,0.0036%,0.1734%,0.5969%,,,
$27.31,0.1959%,0.0003%,0.0033%,0.1730%,0.5732%,,,
$27.37,0.2281%,0.0004%,0.0030%,0.2052%,0.5515%,,,
$27.57,0.7459%,0.0052%,0.0028%,0.7230%,0.5326%,,,
$27.68,0.3870%,0.0013%,0.0031%,0.3640%,0.5585%,,,
$27.72,0.1287%,0.0001%,0.0030%,0.1057%,0.5470%,,,
$27.66,-0.1931%,0.0005%,0.0028%,0.2160%,0.5258%,,,
$27.88,0.7700%,0.0056%,0.0026%,0.7470%,0.5096%,,,
$27.62,-0.9312%,0.0091%,0.0029%,0.9541%,0.5424%,,,
$27.58,-0.1291%,0.0002%,0.0036%,0.1520%,0.5986%,,,
$27.64,0.2258%,0.0004%,0.0033%,0.2029%,0.5742%,,,
$27.67,0.0967%,0.0001%,0.0031%,0.0737%,0.5534%,,,
$27.72,0.1930%,0.0003%,0.0028%,0.1700%,0.5311%,,,
$27.74,0.0642%,0.0000%,0.0026%,0.0413%,0.5128%,,,
$27.80,0.1925%,0.0003%,0.0024%,0.1695%,0.4935%,,,
$27.79,-0.0320%,0.0000%,0.0023%,0.0550%,0.4785%,,,
$27.86,0.2544%,0.0005%,0.0021%,0.2315%,0.4622%,,,
$27.94,0.2891%,0.0007%,0.0021%,0.2661%,0.4528%,,,
$27.73,-0.7404%,0.0058%,0.0020%,0.7633%,0.4462%,,,
$27.91,0.6441%,0.0039%,0.0024%,0.6212%,0.4930%,,,
$28.14,0.8312%,0.0065%,0.0026%,0.8082%,0.5127%,,,
$28.28,0.4764%,0.0021%,0.0031%,0.4535%,0.5532%,,,
$28.14,-0.5083%,0.0028%,0.0030%,0.5312%,0.5488%,,,
$27.94,-0.7031%,0.0053%,0.0030%,0.7260%,0.5515%,,,
$28.01,0.2562%,0.0005%,0.0033%,0.2333%,0.5748%,,,
$28.12,0.3831%,0.0013%,0.0031%,0.3602%,0.5550%,,,
$28.00,-0.4151%,0.0019%,0.0030%,0.4381%,0.5437%,,,
$28.12,0.4151%,0.0015%,0.0029%,0.3922%,0.5391%,,,
$28.07,-0.1595%,0.0003%,0.0028%,0.1824%,0.5315%,,,
$28.01,-0.2237%,0.0006%,0.0026%,0.2466%,0.5136%,,,
$27.94,-0.2562%,0.0008%,0.0025%,0.2792%,0.4999%,,,
$27.97,0.0962%,0.0001%,0.0024%,0.0732%,0.4892%,,,
$28.23,0.9249%,0.0081%,0.0022%,0.9019%,0.4723%,,,
$28.10,-0.4454%,0.0022%,0.0029%,0.4684%,0.5351%,,,
$28.37,0.9521%,0.0086%,0.0029%,0.9291%,0.5339%,,,
$28.41,0.1578%,0.0002%,0.0035%,0.1348%,0.5881%,,,
$28.36,-0.1894%,0.0005%,0.0032%,0.2124%,0.5641%,,,
$28.28,-0.2848%,0.0009%,0.0030%,0.3077%,0.5445%,,,
$28.00,-0.9871%,0.0102%,0.0028%,1.0101%,0.5310%,,,
$27.96,-0.1601%,0.0003%,0.0036%,0.1831%,0.5985%,,,
$27.97,0.0641%,0.0000%,0.0033%,0.0411%,0.5750%,,,
$27.97,-0.0320%,0.0000%,0.0030%,0.0550%,0.5506%,,,
$28.12,0.5432%,0.0027%,0.0028%,0.5202%,0.5283%,,,
$28.08,-0.1275%,0.0002%,0.0028%,0.1505%,0.5326%,,,
$28.15,0.2549%,0.0005%,0.0026%,0.2320%,0.5136%,,,
$28.23,0.2543%,0.0005%,0.0025%,0.2313%,0.4992%,,,
$28.39,0.5698%,0.0030%,0.0024%,0.5468%,0.4862%,,,
$28.57,0.6607%,0.0041%,0.0025%,0.6377%,0.4987%,,,
$28.64,0.2193%,0.0004%,0.0027%,0.1963%,0.5195%,,,
$28.70,0.2188%,0.0004%,0.0025%,0.1958%,0.5031%,,,
$28.79,0.3117%,0.0008%,0.0024%,0.2888%,0.4882%,,,
$28.83,0.1244%,0.0001%,0.0023%,0.1015%,0.4792%,,,
$28.79,-0.1244%,0.0002%,0.0021%,0.1474%,0.4637%,,,
$28.92,0.4658%,0.0020%,0.0020%,0.4428%,0.4507%,,,
$28.79,-0.4658%,0.0024%,0.0021%,0.4887%,0.4576%,,,
$28.68,-0.3742%,0.0016%,0.0022%,0.3971%,0.4681%,,,
$28.24,-1.5426%,0.0245%,0.0022%,1.5656%,0.4689%,,,
$28.25,0.0317%,0.0000%,0.0044%,0.0088%,0.6640%,,,
$28.04,-0.7641%,0.0062%,0.0040%,0.7870%,0.6327%,,,
$28.39,1.2387%,0.0148%,0.0042%,1.2157%,0.6512%,,,
$28.29,-0.3478%,0.0014%,0.0053%,0.3708%,0.7263%,,,
$28.43,0.5055%,0.0023%,0.0049%,0.4826%,0.7000%,,,
$28.47,0.1260%,0.0001%,0.0047%,0.1030%,0.6826%,,,
$28.43,-0.1260%,0.0002%,0.0042%,0.1489%,0.6507%,,,
$28.24,-0.6640%,0.0047%,0.0039%,0.6870%,0.6221%,,,
$28.23,-0.0317%,0.0000%,0.0040%,0.0547%,0.6310%,,,
$28.23,0.0000%,0.0000%,0.0036%,0.0230%,0.6024%,,,
$28.30,0.2219%,0.0004%,0.0033%,0.1990%,0.5758%,,,
$28.04,-0.9225%,0.0089%,0.0031%,0.9455%,0.5546%,,,
$28.28,0.8592%,0.0070%,0.0037%,0.8362%,0.6072%,,,
$28.37,0.3164%,0.0009%,0.0040%,0.2934%,0.6355%,,,
$28.23,-0.5066%,0.0028%,0.0038%,0.5296%,0.6131%,,,
$28.14,-0.3180%,0.0012%,0.0037%,0.3409%,0.6082%,,,
$27.88,-0.8957%,0.0084%,0.0035%,0.9187%,0.5907%,,,
$27.96,0.2581%,0.0006%,0.0040%,0.2352%,0.6327%,,,
$28.10,0.5143%,0.0024%,0.0037%,0.4914%,0.6081%,,,
$28.15,0.1602%,0.0002%,0.0036%,0.1372%,0.6006%,,,
$28.25,0.3515%,0.0011%,0.0033%,0.3285%,0.5757%,,,
$28.43,0.6676%,0.0042%,0.0031%,0.6447%,0.5605%,,,
$28.56,0.4426%,0.0018%,0.0033%,0.4196%,0.5731%,,,
$28.41,-0.5377%,0.0031%,0.0032%,0.5607%,0.5639%,,,
$28.38,-0.0952%,0.0001%,0.0032%,0.1182%,0.5676%,,,
$28.44,0.2220%,0.0004%,0.0030%,0.1990%,0.5449%,,,
$28.59,0.5055%,0.0023%,0.0028%,0.4826%,0.5264%,,,
$28.55,-0.1419%,0.0003%,0.0028%,0.1649%,0.5275%,,,
$28.66,0.3937%,0.0014%,0.0026%,0.3708%,0.5093%,,,
$28.58,-0.2833%,0.0009%,0.0025%,0.3063%,0.5034%,,,
$28.70,0.4404%,0.0017%,0.0024%,0.4174%,0.4939%,,,
$28.66,-0.1570%,0.0003%,0.0024%,0.1800%,0.4933%,,,
$28.54,-0.4095%,0.0019%,0.0023%,0.4325%,0.4787%,,,
$28.34,-0.6969%,0.0052%,0.0023%,0.7198%,0.4812%,,,
$28.61,0.9176%,0.0080%,0.0027%,0.8946%,0.5152%,,,
$28.49,-0.4103%,0.0019%,0.0032%,0.4333%,0.5679%,,,
$28.33,-0.5709%,0.0035%,0.0031%,0.5938%,0.5603%,,,
$28.50,0.6025%,0.0034%,0.0032%,0.5795%,0.5676%,,,
$28.49,-0.0316%,0.0000%,0.0033%,0.0546%,0.5726%,,,
$28.70,0.7561%,0.0054%,0.0030%,0.7332%,0.5486%,,,
$28.75,0.1568%,0.0002%,0.0033%,0.1339%,0.5732%,,,
$28.58,-0.5972%,0.0038%,0.0030%,0.6202%,0.5503%,,,
$28.29,-1.0140%,0.0108%,0.0032%,1.0369%,0.5617%,,,
$28.47,0.6349%,0.0037%,0.0039%,0.6120%,0.6270%,,,
$28.43,-0.1583%,0.0003%,0.0039%,0.1813%,0.6278%,,,
$28.50,0.2532%,0.0005%,0.0036%,0.2303%,0.6018%,,,
$28.38,-0.4119%,0.0019%,0.0034%,0.4348%,0.5796%,,,
$28.11,-0.9570%,0.0096%,0.0033%,0.9799%,0.5709%,,,
$28.43,1.1156%,0.0119%,0.0039%,1.0926%,0.6255%,,,
$28.58,0.5374%,0.0026%,0.0047%,0.5144%,0.6865%,,,
$28.43,-0.5374%,0.0031%,0.0045%,0.5603%,0.6727%,,,
$28.54,0.4112%,0.0015%,0.0044%,0.3882%,0.6639%,,,
$28.39,-0.5381%,0.0031%,0.0041%,0.5610%,0.6439%,,,
$28.38,-0.0317%,0.0000%,0.0041%,0.0547%,0.6383%,,,
$28.56,0.6329%,0.0037%,0.0037%,0.6100%,0.6091%,,,
$28.41,-0.5377%,0.0031%,0.0037%,0.5607%,0.6119%,,,
$27.91,-1.7598%,0.0318%,0.0037%,1.7827%,0.6098%,,,
$27.91,0.0000%,0.0000%,0.0064%,0.0230%,0.8031%,,,
$28.25,1.1873%,0.0136%,0.0058%,1.1643%,0.7618%,,,
$28.29,0.1593%,0.0002%,0.0065%,0.1364%,0.8085%,,,
$28.17,-0.4149%,0.0019%,0.0059%,0.4378%,0.7679%,,,
$28.15,-0.0640%,0.0001%,0.0055%,0.0869%,0.7416%,,,
$28.15,-0.0320%,0.0000%,0.0050%,0.0550%,0.7051%,,,
$28.16,0.0640%,0.0000%,0.0045%,0.0410%,0.6710%,,,
$28.06,-0.3525%,0.0014%,0.0041%,0.3755%,0.6393%,,,
$28.04,-0.0964%,0.0001%,0.0039%,0.1193%,0.6209%,,,
$28.27,0.8320%,0.0065%,0.0035%,0.8090%,0.5939%,,,
$28.21,-0.2233%,0.0006%,0.0039%,0.2463%,0.6209%,,,
$28.17,-0.1279%,0.0002%,0.0036%,0.1508%,0.5977%,,,
$28.25,0.2874%,0.0007%,0.0033%,0.2644%,0.5733%,,,
$28.11,-0.5115%,0.0029%,0.0031%,0.5345%,0.5550%,,,
$28.16,0.1921%,0.0003%,0.0031%,0.1692%,0.5573%,,,
$28.30,0.4787%,0.0021%,0.0029%,0.4557%,0.5368%,,,
$28.13,-0.6067%,0.0040%,0.0029%,0.6297%,0.5343%,,,
$28.11,-0.0641%,0.0001%,0.0030%,0.0871%,0.5490%,,,
$27.75,-1.2903%,0.0172%,0.0028%,1.3133%,0.5272%,,,
$27.74,-0.0325%,0.0000%,0.0042%,0.0554%,0.6499%,,,
$27.78,0.1298%,0.0001%,0.0038%,0.1069%,0.6199%,,,
$27.92,0.5176%,0.0024%,0.0035%,0.4947%,0.5928%,,,
$27.70,-0.8100%,0.0069%,0.0034%,0.8330%,0.5873%,,,
$27.68,-0.0589%,0.0001%,0.0038%,0.0819%,0.6183%,,,
$27.83,0.5553%,0.0028%,0.0035%,0.5323%,0.5910%,,,
$28.01,0.6493%,0.0039%,0.0035%,0.6264%,0.5889%,,,
$28.02,0.0323%,0.0000%,0.0035%,0.0094%,0.5958%,,,
$28.00,-0.0971%,0.0001%,0.0032%,0.1200%,0.5697%,,,
$28.13,0.4846%,0.0021%,0.0030%,0.4616%,0.5468%,,,
$27.88,-0.9065%,0.0086%,0.0030%,0.9294%,0.5437%,,,
$27.79,-0.3257%,0.0012%,0.0036%,0.3487%,0.5960%,,,
$27.73,-0.1959%,0.0005%,0.0034%,0.2189%,0.5800%,,,
$27.78,0.1633%,0.0002%,0.0031%,0.1404%,0.5593%,,,
$27.61,-0.6220%,0.0042%,0.0029%,0.6450%,0.5377%,,,
$27.51,-0.3619%,0.0015%,0.0031%,0.3849%,0.5536%,,,
$27.70,0.6897%,0.0044%,0.0030%,0.6668%,0.5440%,,,
$27.74,0.1636%,0.0002%,0.0032%,0.1406%,0.5614%,,,
$27.78,0.1306%,0.0001%,0.0029%,0.1077%,0.5398%,,,
$27.74,-0.1306%,0.0002%,0.0027%,0.1536%,0.5191%,,,
$27.84,0.3588%,0.0011%,0.0025%,0.3359%,0.5014%,,,
$27.80,-0.1629%,0.0003%,0.0024%,0.1859%,0.4940%,,,
$27.79,-0.0326%,0.0000%,0.0023%,0.0556%,0.4795%,,,
$27.97,0.6504%,0.0039%,0.0021%,0.6275%,0.4632%,,,
$27.99,0.0648%,0.0000%,0.0024%,0.0419%,0.4884%,,,
$27.84,-0.5197%,0.0029%,0.0022%,0.5426%,0.4711%,,,
$27.76,-0.2935%,0.0010%,0.0024%,0.3164%,0.4853%,,,
$27.91,0.5212%,0.0025%,0.0023%,0.4982%,0.4783%,,,
$27.85,-0.1951%,0.0005%,0.0024%,0.2181%,0.4869%,,,
$27.87,0.0651%,0.0000%,0.0023%,0.0421%,0.4744%,,,
$27.76,-0.3911%,0.0017%,0.0021%,0.4141%,0.4584%,,,
$27.79,0.0979%,0.0001%,0.0021%,0.0750%,0.4617%,,,
$27.89,0.3583%,0.0011%,0.0020%,0.3353%,0.4472%,,,
$27.98,0.3246%,0.0009%,0.0020%,0.3016%,0.4457%,,,
$27.87,-0.3896%,0.0017%,0.0020%,0.4126%,0.4420%,,,
$27.99,0.4220%,0.0016%,0.0020%,0.3991%,0.4473%,,,
$27.97,-0.0648%,0.0001%,0.0020%,0.0878%,0.4508%,,,
$27.90,-0.2597%,0.0008%,0.0019%,0.2826%,0.4375%,,,
$27.63,-0.9470%,0.0094%,0.0019%,0.9699%,0.4335%,,,
$27.59,-0.1642%,0.0004%,0.0027%,0.1871%,0.5173%,,,
$27.73,0.5244%,0.0025%,0.0025%,0.5015%,0.5008%,,,
$27.72,-0.0654%,0.0001%,0.0026%,0.0884%,0.5068%,,,
$27.67,-0.1801%,0.0004%,0.0024%,0.2030%,0.4886%,,,
$27.58,-0.3118%,0.0011%,0.0023%,0.3348%,0.4753%,,,
$27.43,-0.5604%,0.0034%,0.0022%,0.5834%,0.4706%,,,
$27.43,0.0331%,0.0000%,0.0024%,0.0101%,0.4893%,,,
$27.51,0.2640%,0.0006%,0.0022%,0.2411%,0.4718%,,,
$27.65,0.5260%,0.0025%,0.0021%,0.5030%,0.4619%,,,
$27.66,0.0328%,0.0000%,0.0022%,0.0098%,0.4732%,,,
$27.63,-0.0984%,0.0001%,0.0021%,0.1213%,0.4571%,,,
$27.60,-0.1313%,0.0002%,0.0020%,0.1543%,0.4440%,,,
$27.67,0.2625%,0.0006%,0.0019%,0.2395%,0.4331%,,,
$27.78,0.3924%,0.0014%,0.0018%,0.3695%,0.4271%,,,
$27.94,0.5858%,0.0032%,0.0019%,0.5628%,0.4306%,,,
$27.91,-0.1299%,0.0002%,0.0021%,0.1528%,0.4532%,,,
$27.68,-0.8155%,0.0070%,0.0019%,0.8385%,0.4414%,,,
$27.65,-0.0983%,0.0001%,0.0025%,0.1213%,0.5009%,,,
$27.60,-0.1969%,0.0005%,0.0023%,0.2199%,0.4838%,,,
$27.51,-0.3290%,0.0012%,0.0022%,0.3520%,0.4717%,,,
$27.62,0.4275%,0.0016%,0.0022%,0.4046%,0.4686%,,,
$27.82,0.7194%,0.0049%,0.0022%,0.6965%,0.4700%,,,
$27.81,-0.0652%,0.0001%,0.0025%,0.0882%,0.5028%,,,
$27.91,0.3580%,0.0011%,0.0024%,0.3351%,0.4850%,,,
$27.91,0.0000%,0.0000%,0.0023%,0.0230%,0.4792%,,,
$28.03,0.4538%,0.0019%,0.0021%,0.4308%,0.4626%,,,
$28.12,0.3229%,0.0009%,0.0022%,0.2999%,0.4669%,,,
$28.30,0.6112%,0.0035%,0.0021%,0.5882%,0.4608%,,,
$28.44,0.5145%,0.0024%,0.0023%,0.4915%,0.4817%,,,
$28.43,-0.0321%,0.0000%,0.0024%,0.0550%,0.4892%,,,
$28.58,0.5120%,0.0024%,0.0022%,0.4891%,0.4720%,,,
$28.49,-0.3197%,0.0012%,0.0023%,0.3426%,0.4805%,,,
$28.74,0.8926%,0.0076%,0.0023%,0.8696%,0.4758%,,,
$28.82,0.2536%,0.0005%,0.0028%,0.2306%,0.5327%,,,
$28.86,0.1581%,0.0002%,0.0027%,0.1352%,0.5165%,,,
$28.96,0.3471%,0.0011%,0.0025%,0.3241%,0.4985%,,,
$29.02,0.1888%,0.0003%,0.0024%,0.1658%,0.4906%,,,
$29.02,0.0000%,0.0000%,0.0023%,0.0230%,0.4758%,,,
$29.13,0.4079%,0.0015%,0.0021%,0.3849%,0.4595%,,,
$29.03,-0.3450%,0.0014%,0.0021%,0.3680%,0.4603%,,,
$29.12,0.2823%,0.0007%,0.0021%,0.2594%,0.4597%,,,
$29.17,0.1878%,0.0003%,0.0020%,0.1648%,0.4520%,,,
$29.07,-0.3446%,0.0014%,0.0019%,0.3675%,0.4407%,,,
$29.18,0.3758%,0.0012%,0.0020%,0.3529%,0.4424%,,,
$29.18,0.0000%,0.0000%,0.0020%,0.0230%,0.4427%,,,
$29.21,0.0937%,0.0001%,0.0018%,0.0708%,0.4294%,,,
$29.16,-0.1563%,0.0003%,0.0017%,0.1792%,0.4177%,,,
$29.20,0.1250%,0.0001%,0.0017%,0.1021%,0.4104%,,,
$29.28,0.2808%,0.0007%,0.0016%,0.2578%,0.4012%,,,
$29.26,-0.0623%,0.0001%,0.0016%,0.0853%,0.3997%,,,
$29.35,0.3112%,0.0008%,0.0015%,0.2883%,0.3912%,,,
$29.27,-0.2801%,0.0009%,0.0015%,0.3030%,0.3929%,,,
$29.35,0.2801%,0.0007%,0.0016%,0.2571%,0.3955%,,,
$29.46,0.3722%,0.0012%,0.0016%,0.3493%,0.3946%,,,
$29.57,0.3708%,0.0012%,0.0016%,0.3479%,0.4006%,,,
$29.65,0.2465%,0.0005%,0.0016%,0.2235%,0.4057%,,,
$29.65,0.0000%,0.0000%,0.0016%,0.0230%,0.4018%,,,
$29.63,-0.0616%,0.0001%,0.0015%,0.0845%,0.3922%,,,
$29.61,-0.0616%,0.0001%,0.0015%,0.0845%,0.3845%,,,
$29.76,0.5224%,0.0025%,0.0014%,0.4994%,0.3775%,,,
$29.81,0.1531%,0.0002%,0.0016%,0.1302%,0.4013%,,,
$29.78,-0.0918%,0.0001%,0.0016%,0.1148%,0.3938%,,,
$29.76,-0.0919%,0.0001%,0.0015%,0.1149%,0.3866%,,,
$29.65,-0.3378%,0.0013%,0.0014%,0.3608%,0.3802%,,,
$29.64,-0.0615%,0.0001%,0.0015%,0.0845%,0.3891%,,,
$29.42,-0.7414%,0.0058%,0.0015%,0.7644%,0.3817%,,,
$29.37,-0.1552%,0.0003%,0.0020%,0.1781%,0.4428%,,,
$29.46,0.3101%,0.0008%,0.0019%,0.2871%,0.4329%,,,
$29.57,0.3708%,0.0012%,0.0018%,0.3479%,0.4297%,,,
$29.60,0.0925%,0.0000%,0.0019%,0.0695%,0.4312%,,,
$29.75,0.4919%,0.0022%,0.0018%,0.4689%,0.4194%,,,
$29.74,-0.0307%,0.0000%,0.0019%,0.0536%,0.4332%,,,
$29.74,0.0000%,0.0000%,0.0018%,0.0230%,0.4210%,,,
$29.78,0.1533%,0.0002%,0.0017%,0.1303%,0.4096%,,,
$29.65,-0.4297%,0.0020%,0.0016%,0.4527%,0.4013%,,,
$29.64,-0.0461%,0.0000%,0.0017%,0.0691%,0.4161%,,,
$29.53,-0.3854%,0.0017%,0.0016%,0.4084%,0.4057%,,,
$29.77,0.8306%,0.0065%,0.0017%,0.8077%,0.4155%,,,
$29.70,-0.2454%,0.0007%,0.0023%,0.2683%,0.4758%,,,
$29.57,-0.4309%,0.0021%,0.0022%,0.4539%,0.4669%,,,
$29.47,-0.3399%,0.0013%,0.0022%,0.3628%,0.4728%,,,
$29.47,0.0000%,0.0000%,0.0022%,0.0230%,0.4704%,,,
$29.65,0.6171%,0.0035%,0.0021%,0.5941%,0.4545%,,,
$29.81,0.5216%,0.0025%,0.0023%,0.4986%,0.4770%,,,
$29.82,0.0306%,0.0000%,0.0024%,0.0076%,0.4858%,,,
$29.86,0.1223%,0.0001%,0.0022%,0.0993%,0.4686%,,,
$29.86,0.0306%,0.0000%,0.0021%,0.0076%,0.4540%,,,
$29.65,-0.7050%,0.0053%,0.0019%,0.7280%,0.4395%,,,
$29.71,0.1998%,0.0003%,0.0023%,0.1768%,0.4825%,,,
$29.88,0.5663%,0.0030%,0.0022%,0.5433%,0.4687%,,,
$29.88,0.0000%,0.0000%,0.0023%,0.0230%,0.4833%,,,
$29.96,0.2439%,0.0005%,0.0022%,0.2209%,0.4664%,,,
$29.99,0.1217%,0.0001%,0.0021%,0.0988%,0.4560%,,,
$29.96,-0.1217%,0.0002%,0.0020%,0.1447%,0.4425%,,,
$30.00,0.1521%,0.0002%,0.0019%,0.1292%,0.4314%,,,
$30.07,0.2231%,0.0004%,0.0018%,0.2001%,0.4209%,,,
$30.08,0.0305%,0.0000%,0.0017%,0.0076%,0.4142%,,,
$30.21,0.4263%,0.0016%,0.0016%,0.4034%,0.4034%,,,
$30.40,0.6361%,0.0038%,0.0017%,0.6131%,0.4130%,,,
$30.49,0.3015%,0.0008%,0.0020%,0.2785%,0.4450%,,,
$30.37,-0.3921%,0.0017%,0.0019%,0.4151%,0.4399%,,,
$30.30,-0.2421%,0.0007%,0.0020%,0.2650%,0.4457%,,,
$30.31,0.0303%,0.0000%,0.0019%,0.0073%,0.4398%,,,
$30.16,-0.4857%,0.0026%,0.0018%,0.5087%,0.4266%,,,
$30.27,0.3645%,0.0012%,0.0020%,0.3416%,0.4437%,,,
$30.32,0.1515%,0.0002%,0.0020%,0.1285%,0.4430%,,,
$30.43,0.3627%,0.0012%,0.0019%,0.3397%,0.4314%,,,
$30.29,-0.4535%,0.0023%,0.0019%,0.4765%,0.4320%,,,
$30.34,0.1817%,0.0003%,0.0020%,0.1587%,0.4448%,,,
$30.26,-0.2726%,0.0009%,0.0019%,0.2956%,0.4340%,,,
$30.40,0.4539%,0.0019%,0.0019%,0.4310%,0.4312%,,,
$30.38,-0.0604%,0.0001%,0.0019%,0.0834%,0.4397%,,,
$30.43,0.1509%,0.0002%,0.0018%,0.1280%,0.4273%,,,
$30.28,-0.4838%,0.0026%,0.0017%,0.5068%,0.4172%,,,
$30.13,-0.4862%,0.0026%,0.0019%,0.5091%,0.4354%,,,
$30.18,0.1522%,0.0002%,0.0020%,0.1292%,0.4512%,,,
$29.93,-0.8246%,0.0072%,0.0019%,0.8475%,0.4388%,,,
$29.67,-0.8623%,0.0078%,0.0025%,0.8853%,0.5003%,,,
$29.70,0.0928%,0.0000%,0.0031%,0.0698%,0.5546%,,,
$29.51,-0.6511%,0.0045%,0.0028%,0.6740%,0.5321%,,,
$29.03,-1.6306%,0.0273%,0.0030%,1.6536%,0.5521%,,,
$28.53,-1.7541%,0.0316%,0.0054%,1.7771%,0.7370%,,,
$28.56,0.1286%,0.0001%,0.0079%,0.1056%,0.8911%,,,
$28.48,-0.2896%,0.0010%,0.0071%,0.3126%,0.8443%,,,
$27.99,-1.7556%,0.0316%,0.0065%,1.7785%,0.8060%,,,
$27.90,-0.2956%,0.0010%,0.0089%,0.3186%,0.9426%,,,
$28.31,1.4370%,0.0200%,0.0080%,1.4140%,0.8971%,,,
$28.26,-0.1623%,0.0003%,0.0091%,0.1852%,0.9558%,,,
$28.53,0.9375%,0.0084%,0.0082%,0.9145%,0.9058%,,,
$28.63,0.3533%,0.0011%,0.0082%,0.3303%,0.9030%,,,
$28.73,0.3520%,0.0011%,0.0074%,0.3291%,0.8609%,,,
$28.68,-0.1599%,0.0003%,0.0068%,0.1828%,0.8219%,,,
$28.88,0.7015%,0.0046%,0.0061%,0.6786%,0.7813%,,,
$28.87,-0.0636%,0.0001%,0.0059%,0.0865%,0.7708%,,,
$29.12,0.8863%,0.0075%,0.0054%,0.8634%,0.7322%,,,
$29.23,0.3775%,0.0013%,0.0056%,0.3545%,0.7456%,,,
$29.19,-0.1571%,0.0003%,0.0051%,0.1801%,0.7169%,,,
$28.82,-1.2818%,0.0170%,0.0047%,1.3047%,0.6839%,,,
$28.61,-0.7193%,0.0055%,0.0059%,0.7422%,0.7666%,,,
$28.63,0.0642%,0.0000%,0.0058%,0.0412%,0.7634%,,,
$28.92,1.0207%,0.0100%,0.0053%,0.9978%,0.7249%,,,
$28.91,-0.0317%,0.0000%,0.0057%,0.0547%,0.7554%,,,
$28.79,-0.4136%,0.0019%,0.0052%,0.4365%,0.7177%,,,
$28.89,0.3500%,0.0011%,0.0048%,0.3271%,0.6957%,,,
$28.94,0.1587%,0.0002%,0.0045%,0.1358%,0.6698%,,,
$29.04,0.3483%,0.0011%,0.0041%,0.3253%,0.6394%,,,
$29.11,0.2525%,0.0005%,0.0038%,0.2296%,0.6182%,,,
$29.14,0.0945%,0.0001%,0.0035%,0.0716%,0.5946%,,,
$29.18,0.1259%,0.0001%,0.0032%,0.1029%,0.5690%,,,
$29.29,0.3768%,0.0013%,0.0030%,0.3538%,0.5459%,,,
$29.04,-0.8497%,0.0076%,0.0029%,0.8727%,0.5351%,,,
$29.10,0.1895%,0.0003%,0.0034%,0.1665%,0.5807%,,,
$29.22,0.4407%,0.0017%,0.0031%,0.4177%,0.5581%,,,
$28.67,-1.9024%,0.0371%,0.0030%,1.9254%,0.5504%,,,
$28.36,-1.0943%,0.0125%,0.0063%,1.1173%,0.7969%,,,
$28.52,0.5555%,0.0028%,0.0069%,0.5325%,0.8316%,,,
$28.39,-0.4545%,0.0023%,0.0065%,0.4775%,0.8053%,,,
$28.33,-0.2280%,0.0006%,0.0061%,0.2510%,0.7781%,,,
$28.72,1.3927%,0.0188%,0.0055%,1.3698%,0.7426%,,,
$28.44,-1.0021%,0.0105%,0.0068%,1.0251%,0.8235%,,,
$28.38,-0.1951%,0.0005%,0.0071%,0.2181%,0.8430%,,,
$28.33,-0.1629%,0.0003%,0.0064%,0.1858%,0.8017%,,,
$28.72,1.3601%,0.0179%,0.0058%,1.3372%,0.7627%,,,
$28.43,-1.0346%,0.0112%,0.0070%,1.0576%,0.8345%,,,
$28.52,0.3245%,0.0009%,0.0073%,0.3015%,0.8562%,,,
$28.57,0.1619%,0.0002%,0.0067%,0.1389%,0.8166%,,,
$28.57,0.0323%,0.0000%,0.0060%,0.0094%,0.7755%,,,
$28.60,0.0969%,0.0001%,0.0054%,0.0740%,0.7361%,,,
$28.62,0.0646%,0.0000%,0.0049%,0.0416%,0.6999%,,,
$28.66,0.1290%,0.0001%,0.0044%,0.1061%,0.6661%,,,
$28.76,0.3540%,0.0011%,0.0040%,0.3310%,0.6354%,,,
$29.09,1.1498%,0.0127%,0.0038%,1.1269%,0.6149%,,,
$28.93,-0.5732%,0.0036%,0.0047%,0.5962%,0.6834%,,,
$28.99,0.2233%,0.0004%,0.0046%,0.2004%,0.6764%,,,
$29.13,0.4769%,0.0021%,0.0042%,0.4539%,0.6471%,,,
$29.02,-0.3813%,0.0016%,0.0040%,0.4043%,0.6329%,,,
$29.08,0.2226%,0.0004%,0.0038%,0.1997%,0.6168%,,,
$29.34,0.8855%,0.0074%,0.0035%,0.8626%,0.5923%,,,
$29.37,0.0944%,0.0001%,0.0039%,0.0715%,0.6264%,,,
$29.29,-0.2835%,0.0009%,0.0036%,0.3065%,0.5983%,,,
$29.31,0.0946%,0.0001%,0.0034%,0.0716%,0.5798%,,,
$29.33,0.0630%,0.0000%,0.0031%,0.0401%,0.5554%,,,
$29.30,-0.0945%,0.0001%,0.0028%,0.1175%,0.5326%,,,
$29.54,0.7850%,0.0058%,0.0026%,0.7621%,0.5127%,,,
$29.66,0.4370%,0.0017%,0.0030%,0.4140%,0.5469%,,,
$29.73,0.2178%,0.0004%,0.0029%,0.1948%,0.5401%,,,
$29.82,0.3103%,0.0008%,0.0027%,0.2873%,0.5219%,,,
$29.99,0.5561%,0.0028%,0.0026%,0.5331%,0.5095%,,,
$30.05,0.2154%,0.0004%,0.0027%,0.1925%,0.5174%,,,
$30.26,0.6740%,0.0042%,0.0025%,0.6511%,0.5011%,,,
$30.29,0.1221%,0.0001%,0.0027%,0.0991%,0.5231%,,,
$30.31,0.0610%,0.0000%,0.0025%,0.0380%,0.5037%,,,
$30.38,0.2131%,0.0004%,0.0024%,0.1901%,0.4851%,,,
$30.38,0.0000%,0.0000%,0.0022%,0.0230%,0.4717%,,,
$30.39,0.0304%,0.0000%,0.0021%,0.0075%,0.4557%,,,
$30.35,-0.1217%,0.0002%,0.0019%,0.1447%,0.4412%,,,
$30.31,-0.1218%,0.0002%,0.0019%,0.1448%,0.4302%,,,
$30.24,-0.2441%,0.0007%,0.0018%,0.2671%,0.4203%,,,
$30.09,-0.4747%,0.0025%,0.0017%,0.4977%,0.4173%,,,
$29.94,-0.5078%,0.0028%,0.0019%,0.5308%,0.4345%,,,
$30.18,0.7837%,0.0058%,0.0021%,0.7608%,0.4528%,,,
$30.20,0.0765%,0.0000%,0.0025%,0.0535%,0.4979%,,,
$30.18,-0.0612%,0.0001%,0.0023%,0.0842%,0.4799%,,,
$30.17,-0.0306%,0.0000%,0.0022%,0.0536%,0.4640%,,,
$30.27,0.3362%,0.0010%,0.0020%,0.3133%,0.4490%,,,
$30.39,0.3959%,0.0014%,0.0020%,0.3730%,0.4457%,,,
$30.45,0.1822%,0.0003%,0.0020%,0.1592%,0.4472%,,,
$30.46,0.0303%,0.0000%,0.0019%,0.0074%,0.4362%,,,
$30.60,0.4539%,0.0019%,0.0018%,0.4310%,0.4234%,,,
$30.62,0.0604%,0.0000%,0.0019%,0.0374%,0.4329%,,,
$30.59,-0.0906%,0.0001%,0.0018%,0.1135%,0.4205%,,,
$30.72,0.4219%,0.0016%,0.0017%,0.3990%,0.4106%,,,
$30.67,-0.1505%,0.0003%,0.0018%,0.1734%,0.4188%,,,
$30.79,0.3908%,0.0014%,0.0017%,0.3678%,0.4112%,,,
$30.66,-0.4209%,0.0020%,0.0017%,0.4439%,0.4166%,,,
$30.87,0.6607%,0.0041%,0.0018%,0.6377%,0.4283%,,,
$30.70,-0.5402%,0.0032%,0.0021%,0.5632%,0.4608%,,,
$30.94,0.7960%,0.0060%,0.0023%,0.7730%,0.4787%,,,
$30.47,-1.5434%,0.0245%,0.0027%,1.5663%,0.5206%,,,
$30.68,0.6990%,0.0046%,0.0049%,0.6760%,0.6973%,,,
$30.57,-0.3641%,0.0015%,0.0048%,0.3870%,0.6959%,,,
$30.48,-0.3044%,0.0011%,0.0045%,0.3274%,0.6730%,,,
$30.73,0.8198%,0.0063%,0.0042%,0.7968%,0.6490%,,,
$30.65,-0.2725%,0.0009%,0.0044%,0.2955%,0.6663%,,,
$30.77,0.3934%,0.0014%,0.0041%,0.3705%,0.6414%,,,
$30.67,-0.3328%,0.0013%,0.0039%,0.3558%,0.6225%,,,
$30.85,0.6043%,0.0034%,0.0037%,0.5813%,0.6044%,,,
$31.05,0.6305%,0.0037%,0.0037%,0.6076%,0.6051%,,,
$31.23,0.5968%,0.0033%,0.0037%,0.5739%,0.6082%,,,
$30.99,-0.7766%,0.0064%,0.0037%,0.7995%,0.6077%,,,
$31.22,0.7468%,0.0052%,0.0040%,0.7239%,0.6314%,,,
$31.21,-0.0298%,0.0000%,0.0041%,0.0527%,0.6429%,,,
$31.10,-0.3579%,0.0015%,0.0038%,0.3808%,0.6134%,,,
$31.12,0.0597%,0.0000%,0.0036%,0.0368%,0.5977%,,,
$31.07,-0.1793%,0.0004%,0.0033%,0.2023%,0.5715%,,,
$31.18,0.3583%,0.0011%,0.0030%,0.3353%,0.5509%,,,
$30.97,-0.6579%,0.0046%,0.0029%,0.6808%,0.5384%,,,
$30.94,-0.1201%,0.0002%,0.0031%,0.1431%,0.5583%,,,
$30.92,-0.0601%,0.0001%,0.0029%,0.0830%,0.5369%,,,
$30.98,0.2102%,0.0004%,0.0027%,0.1872%,0.5161%,,,
$31.05,0.2097%,0.0003%,0.0025%,0.1868%,0.4997%,,,
$30.95,-0.2997%,0.0010%,0.0024%,0.3227%,0.4848%,,,
$30.89,-0.2104%,0.0005%,0.0023%,0.2333%,0.4782%,,,
$31.07,0.5700%,0.0030%,0.0022%,0.5470%,0.4673%,,,
$30.96,-0.3296%,0.0012%,0.0023%,0.3525%,0.4825%,,,
$31.04,0.2398%,0.0005%,0.0023%,0.2168%,0.4782%,,,
$31.07,0.0898%,0.0000%,0.0022%,0.0668%,0.4665%,,,
$30.81,-0.8411%,0.0075%,0.0020%,0.8641%,0.4515%,,,
$30.86,0.1808%,0.0002%,0.0026%,0.1579%,0.5128%,,,
$31.03,0.5405%,0.0027%,0.0025%,0.5176%,0.4957%,,,
$30.89,-0.4503%,0.0022%,0.0025%,0.4732%,0.5039%,,,
$30.72,-0.5430%,0.0032%,0.0026%,0.5659%,0.5069%,,,
$30.92,0.6332%,0.0037%,0.0027%,0.6103%,0.5185%,,,
$30.54,-1.2400%,0.0160%,0.0028%,1.2630%,0.5332%,,,
$30.68,0.4857%,0.0021%,0.0042%,0.4628%,0.6446%,,,
$30.90,0.6941%,0.0045%,0.0040%,0.6712%,0.6313%,,,
$30.90,0.0000%,0.0000%,0.0041%,0.0230%,0.6374%,,,
$30.85,-0.1505%,0.0003%,0.0037%,0.1734%,0.6081%,,,
$30.95,0.3308%,0.0009%,0.0034%,0.3078%,0.5835%,,,
$30.94,-0.0300%,0.0000%,0.0032%,0.0530%,0.5664%,,,
$31.00,0.1800%,0.0002%,0.0029%,0.1570%,0.5428%,,,
$31.14,0.4486%,0.0018%,0.0027%,0.4257%,0.5231%,,,
$30.94,-0.6587%,0.0046%,0.0027%,0.6816%,0.5198%,,,
$31.02,0.2700%,0.0006%,0.0029%,0.2470%,0.5426%,,,
$31.00,-0.0599%,0.0001%,0.0028%,0.0829%,0.5263%,,,
$30.78,-0.7220%,0.0056%,0.0026%,0.7450%,0.5063%,,,
$30.60,-0.5753%,0.0036%,0.0029%,0.5983%,0.5394%,,,
$30.55,-0.1519%,0.0003%,0.0030%,0.1749%,0.5499%,,,
$30.49,-0.2131%,0.0006%,0.0028%,0.2361%,0.5302%,,,
$30.47,-0.0610%,0.0001%,0.0026%,0.0839%,0.5145%,,,
$30.42,-0.1832%,0.0004%,0.0025%,0.2061%,0.4955%,,,
$30.47,0.1832%,0.0003%,0.0023%,0.1602%,0.4818%,,,
$30.38,-0.3054%,0.0011%,0.0022%,0.3284%,0.4675%,,,
$30.29,-0.3064%,0.0011%,0.0021%,0.3293%,0.4632%,,,
$30.33,0.1533%,0.0002%,0.0021%,0.1304%,0.4595%,,,
$30.42,0.3059%,0.0008%,0.0020%,0.2829%,0.4464%,,,
$30.67,0.7910%,0.0059%,0.0019%,0.7680%,0.4414%,,,
$30.59,-0.2427%,0.0007%,0.0024%,0.2657%,0.4899%,,,
$30.71,0.3941%,0.0014%,0.0023%,0.3712%,0.4795%,,,
$30.73,0.0605%,0.0000%,0.0023%,0.0375%,0.4769%,,,
$30.71,-0.0605%,0.0001%,0.0021%,0.0835%,0.4606%,,,
$30.65,-0.2120%,0.0006%,0.0020%,0.2350%,0.4463%,,,
$30.61,-0.1069%,0.0002%,0.0019%,0.1298%,0.4387%,,,
$30.76,0.4573%,0.0019%,0.0018%,0.4343%,0.4275%,,,
$30.46,-0.9780%,0.0100%,0.0019%,1.0010%,0.4368%,,,
$30.56,0.3373%,0.0010%,0.0028%,0.3143%,0.5253%,,,
$30.40,-0.5217%,0.0030%,0.0026%,0.5447%,0.5141%,,,
$30.49,0.3072%,0.0008%,0.0027%,0.2842%,0.5226%,,,
$30.39,-0.3380%,0.0013%,0.0026%,0.3609%,0.5100%,,,
$30.30,-0.3083%,0.0011%,0.0025%,0.3312%,0.5033%,,,
$30.15,-0.4952%,0.0027%,0.0025%,0.5182%,0.4954%,,,
$29.50,-2.1641%,0.0478%,0.0025%,2.1871%,0.5037%,,,
$29.16,-1.1800%,0.0145%,0.0070%,1.2030%,0.8337%,,,
$29.31,0.5120%,0.0024%,0.0076%,0.4890%,0.8738%,,,
$29.28,-0.0958%,0.0001%,0.0071%,0.1188%,0.8414%,,,
$29.56,0.9539%,0.0087%,0.0064%,0.9309%,0.7982%,,,
$29.47,-0.2852%,0.0009%,0.0066%,0.3082%,0.8104%,,,
$29.23,-0.8286%,0.0073%,0.0060%,0.8515%,0.7744%,,,
$29.38,0.5107%,0.0024%,0.0061%,0.4877%,0.7811%,,,
$29.28,-0.3508%,0.0014%,0.0057%,0.3738%,0.7566%,,,
$29.02,-0.8986%,0.0085%,0.0053%,0.9216%,0.7278%,,,
$28.32,-2.4145%,0.0594%,0.0056%,2.4374%,0.7485%,,,
$28.33,0.0330%,0.0000%,0.0108%,0.0101%,1.0377%,,,
$28.25,-0.2976%,0.0010%,0.0096%,0.3205%,0.9804%,,,
$28.01,-0.8647%,0.0079%,0.0087%,0.8876%,0.9322%,,,
$28.33,1.1622%,0.0130%,0.0085%,1.1393%,0.9239%,,,
$28.57,0.8220%,0.0064%,0.0089%,0.7990%,0.9429%,,,
$28.76,0.6853%,0.0044%,0.0086%,0.6623%,0.9258%,,,
$28.78,0.0650%,0.0000%,0.0081%,0.0421%,0.8997%,,,
$28.90,0.4216%,0.0016%,0.0073%,0.3986%,0.8518%,,,
$29.08,0.6130%,0.0035%,0.0067%,0.5900%,0.8165%,,,
$29.21,0.4493%,0.0018%,0.0063%,0.4263%,0.7955%,,,
$29.15,-0.2244%,0.0006%,0.0059%,0.2474%,0.7662%,,,
$29.02,-0.4181%,0.0019%,0.0054%,0.4410%,0.7315%,,,
$28.81,-0.7440%,0.0059%,0.0050%,0.7669%,0.7086%,,,
$28.75,-0.1950%,0.0005%,0.0051%,0.2180%,0.7147%,,,
$28.76,0.0325%,0.0000%,0.0047%,0.0096%,0.6830%,,,
$28.78,0.0650%,0.0000%,0.0042%,0.0421%,0.6503%,,,
$28.80,0.0650%,0.0000%,0.0038%,0.0420%,0.6202%,,,
$28.68,-0.4231%,0.0020%,0.0035%,0.4461%,0.5923%,,,
$28.29,-1.3793%,0.0197%,0.0034%,1.4023%,0.5831%,,,
$28.73,1.5423%,0.0231%,0.0050%,1.5193%,0.7073%,,,
$28.73,0.0000%,0.0000%,0.0067%,0.0230%,0.8214%,,,
$28.50,-0.7846%,0.0065%,0.0061%,0.8075%,0.7788%,,,
$28.54,0.1312%,0.0001%,0.0061%,0.1082%,0.7804%,,,
$28.40,-0.4929%,0.0027%,0.0055%,0.5158%,0.7414%,,,
$28.81,1.4389%,0.0200%,0.0052%,1.4159%,0.7224%,,,
$28.89,0.2918%,0.0007%,0.0066%,0.2688%,0.8151%,,,
$28.93,0.1294%,0.0001%,0.0060%,0.1065%,0.7774%,,,
$29.02,0.3228%,0.0009%,0.0055%,0.2998%,0.7387%,,,
$28.63,-1.3628%,0.0192%,0.0050%,1.3857%,0.7080%,,,
$28.89,0.9106%,0.0079%,0.0064%,0.8876%,0.7989%,,,
$28.37,-1.8295%,0.0343%,0.0065%,1.8525%,0.8063%,,,
$28.17,-0.6948%,0.0052%,0.0091%,0.7177%,0.9564%,,,
$28.07,-0.3659%,0.0015%,0.0087%,0.3888%,0.9315%,,,
$27.92,-0.5346%,0.0031%,0.0079%,0.5575%,0.8895%,,,
$28.12,0.7011%,0.0046%,0.0074%,0.6781%,0.8598%,,,
$28.05,-0.2331%,0.0007%,0.0071%,0.2561%,0.8412%,,,
$27.78,-0.9717%,0.0099%,0.0064%,0.9946%,0.8012%,,,
$27.33,-1.6294%,0.0273%,0.0067%,1.6523%,0.8202%,,,
$27.46,0.4780%,0.0021%,0.0087%,0.4550%,0.9312%,,,
$27.20,-0.9583%,0.0096%,0.0080%,0.9812%,0.8923%,,,
$26.93,-1.0023%,0.0105%,0.0081%,1.0252%,0.8979%,,,
$26.56,-1.3991%,0.0202%,0.0082%,1.4221%,0.9075%,,,
$26.28,-1.0267%,0.0110%,0.0093%,1.0497%,0.9655%,,,
$27.02,2.7726%,0.0756%,0.0094%,2.7496%,0.9693%,,,
$27.13,0.4071%,0.0015%,0.0157%,0.3841%,1.2518%,,,
$27.34,0.7610%,0.0054%,0.0141%,0.7380%,1.1865%,,,
$27.38,0.1377%,0.0001%,0.0131%,0.1148%,1.1425%,,,
$27.12,-0.9335%,0.0091%,0.0116%,0.9564%,1.0789%,,,
$27.63,1.8583%,0.0337%,0.0113%,1.8353%,1.0612%,,,
$27.69,0.2044%,0.0003%,0.0133%,0.1814%,1.1526%,,,
$27.89,0.7120%,0.0047%,0.0119%,0.6890%,1.0892%,,,
$28.27,1.3756%,0.0183%,0.0110%,1.3527%,1.0504%,,,
$28.45,0.6311%,0.0037%,0.0116%,0.6082%,1.0773%,,,
$28.52,0.2315%,0.0004%,0.0107%,0.2086%,1.0347%,,,
$28.59,0.2639%,0.0006%,0.0096%,0.2410%,0.9797%,,,
$28.74,0.5258%,0.0025%,0.0086%,0.5028%,0.9293%,,,
$28.85,0.3599%,0.0011%,0.0080%,0.3369%,0.8930%,,,
$29.05,0.6835%,0.0044%,0.0073%,0.6605%,0.8519%,,,
$29.23,0.6466%,0.0039%,0.0069%,0.6237%,0.8327%,,,
$29.27,0.1288%,0.0001%,0.0066%,0.1059%,0.8127%,,,
$29.05,-0.7754%,0.0064%,0.0059%,0.7984%,0.7713%,,,
$29.04,-0.0324%,0.0000%,0.0060%,0.0554%,0.7730%,,,
$29.20,0.5501%,0.0028%,0.0054%,0.5271%,0.7340%,,,
$29.34,0.4829%,0.0021%,0.0051%,0.4599%,0.7164%,,,
$29.35,0.0321%,0.0000%,0.0048%,0.0092%,0.6960%,,,
$29.58,0.7994%,0.0060%,0.0044%,0.7764%,0.6624%,,,
$29.59,0.0319%,0.0000%,0.0046%,0.0089%,0.6755%,,,
$29.71,0.4130%,0.0015%,0.0041%,0.3901%,0.6434%,,,
$29.61,-0.3494%,0.0014%,0.0039%,0.3723%,0.6254%,,,
$29.80,0.6343%,0.0037%,0.0037%,0.6114%,0.6080%,,,
$29.97,0.5675%,0.0030%,0.0037%,0.5445%,0.6111%,,,
$30.00,0.0943%,0.0001%,0.0037%,0.0713%,0.6077%,,,
$29.97,-0.0943%,0.0001%,0.0034%,0.1172%,0.5811%,,,
$29.81,-0.5358%,0.0031%,0.0031%,0.5588%,0.5573%,,,
$29.70,-0.3800%,0.0016%,0.0032%,0.4029%,0.5616%,,,
$29.84,0.4748%,0.0020%,0.0031%,0.4518%,0.5524%,,,
$29.83,-0.0316%,0.0000%,0.0030%,0.0545%,0.5479%,,,
$29.99,0.5355%,0.0026%,0.0028%,0.5126%,0.5258%,,,
$30.28,0.9692%,0.0090%,0.0028%,0.9463%,0.5297%,,,
$30.44,0.5275%,0.0025%,0.0034%,0.5046%,0.5873%,,,
$30.64,0.6479%,0.0039%,0.0034%,0.6249%,0.5832%,,,
$30.61,-0.0923%,0.0001%,0.0035%,0.1153%,0.5907%,,,
$30.61,0.0000%,0.0000%,0.0032%,0.0230%,0.5661%,,,
$30.69,0.2459%,0.0005%,0.0029%,0.2230%,0.5424%,,,
$30.71,0.0921%,0.0000%,0.0028%,0.0691%,0.5250%,,,
$30.74,0.0920%,0.0000%,0.0025%,0.0690%,0.5050%,,,
$30.58,-0.5224%,0.0030%,0.0024%,0.5453%,0.4866%,,,
$30.72,0.4610%,0.0019%,0.0025%,0.4381%,0.4989%,,,
$30.67,-0.1842%,0.0004%,0.0025%,0.2071%,0.4994%,,,
$30.78,0.3680%,0.0012%,0.0024%,0.3450%,0.4853%,,,
$30.77,-0.0306%,0.0000%,0.0023%,0.0536%,0.4802%,,,
$30.69,-0.2452%,0.0007%,0.0022%,0.2682%,0.4637%,,,
$30.59,-0.3382%,0.0013%,0.0021%,0.3612%,0.4561%,,,
$30.80,0.6753%,0.0043%,0.0021%,0.6523%,0.4555%,,,
$30.84,0.1223%,0.0001%,0.0024%,0.0993%,0.4851%,,,
$30.88,0.1526%,0.0002%,0.0022%,0.1297%,0.4689%,,,
$30.76,-0.3974%,0.0018%,0.0021%,0.4203%,0.4550%,,,
$30.86,0.3363%,0.0010%,0.0021%,0.3134%,0.4593%,,,
$31.06,0.6390%,0.0038%,0.0021%,0.6160%,0.4549%,,,
$30.97,-0.3038%,0.0011%,0.0023%,0.3267%,0.4800%,,,
$30.94,-0.0913%,0.0001%,0.0022%,0.1143%,0.4743%,,,
$31.09,0.4860%,0.0021%,0.0021%,0.4631%,0.4594%,,,
$30.76,-1.0663%,0.0119%,0.0022%,1.0892%,0.4671%,,,
$30.71,-0.1533%,0.0003%,0.0032%,0.1762%,0.5638%,,,
$30.89,0.5812%,0.0031%,0.0029%,0.5582%,0.5430%,,,
$30.81,-0.2749%,0.0009%,0.0030%,0.2978%,0.5490%,,,
$30.92,0.3663%,0.0012%,0.0029%,0.3434%,0.5346%,,,
$30.81,-0.3721%,0.0016%,0.0027%,0.3950%,0.5242%,,,
$31.07,0.8589%,0.0070%,0.0027%,0.8359%,0.5185%,,,
$31.13,0.1831%,0.0003%,0.0032%,0.1601%,0.5619%,,,
$31.15,0.0762%,0.0000%,0.0029%,0.0532%,0.5407%,,,
$31.23,0.2586%,0.0006%,0.0027%,0.2357%,0.5192%,,,
$31.38,0.4548%,0.0019%,0.0025%,0.4318%,0.5045%,,,
$31.42,0.1511%,0.0002%,0.0025%,0.1282%,0.5038%,,,
$31.30,-0.3934%,0.0017%,0.0024%,0.4164%,0.4867%,,,
$31.41,0.3632%,0.0012%,0.0024%,0.3402%,0.4868%,,,
$31.46,0.1510%,0.0002%,0.0023%,0.1280%,0.4812%,,,
$31.59,0.4214%,0.0016%,0.0022%,0.3985%,0.4661%,,,
$31.67,0.2400%,0.0005%,0.0022%,0.2171%,0.4672%,,,
$31.67,0.0000%,0.0000%,0.0021%,0.0230%,0.4566%,,,
$31.75,0.2394%,0.0005%,0.0020%,0.2165%,0.4420%,,,
$31.84,0.2985%,0.0008%,0.0019%,0.2756%,0.4339%,,,
$31.81,-0.0894%,0.0001%,0.0018%,0.1124%,0.4298%,,,
$32.00,0.5949%,0.0033%,0.0018%,0.5719%,0.4190%,,,
$31.85,-0.4756%,0.0025%,0.0020%,0.4986%,0.4447%,,,
$31.83,-0.0596%,0.0001%,0.0021%,0.0826%,0.4580%,,,
$31.89,0.1787%,0.0002%,0.0020%,0.1557%,0.4439%,,,
$31.89,0.0000%,0.0000%,0.0019%,0.0230%,0.4331%,,,
$31.86,-0.0893%,0.0001%,0.0018%,0.1123%,0.4206%,,,
$31.70,-0.5077%,0.0028%,0.0017%,0.5306%,0.4107%,,,
$31.51,-0.6006%,0.0039%,0.0019%,0.6236%,0.4327%,,,
$31.69,0.5707%,0.0030%,0.0021%,0.5477%,0.4626%,,,
$31.68,-0.0300%,0.0000%,0.0023%,0.0529%,0.4785%,,,
$31.40,-0.8726%,0.0080%,0.0021%,0.8955%,0.4622%,,,
$31.51,0.3319%,0.0010%,0.0028%,0.3089%,0.5263%,,,
$31.38,-0.3923%,0.0017%,0.0026%,0.4153%,0.5147%,,,
$31.29,-0.3028%,0.0011%,0.0026%,0.3258%,0.5115%,,,
$31.06,-0.7306%,0.0057%,0.0025%,0.7536%,0.5024%,,,
$31.27,0.6699%,0.0042%,0.0029%,0.6470%,0.5372%,,,
$31.36,0.2728%,0.0006%,0.0031%,0.2498%,0.5534%,,,
$31.56,0.6336%,0.0037%,0.0029%,0.6106%,0.5362%,,,
$31.51,-0.1505%,0.0003%,0.0030%,0.1734%,0.5485%,,,
$31.53,0.0602%,0.0000%,0.0028%,0.0373%,0.5288%,,,
$31.36,-0.5433%,0.0032%,0.0026%,0.5663%,0.5082%,,,
$31.00,-1.1568%,0.0139%,0.0027%,1.1798%,0.5196%,,,
$31.15,0.4887%,0.0022%,0.0038%,0.4658%,0.6192%,,,
$31.37,0.6983%,0.0046%,0.0037%,0.6754%,0.6086%,,,
$31.25,-0.3637%,0.0015%,0.0038%,0.3867%,0.6180%,,,
$30.98,-0.8846%,0.0082%,0.0036%,0.9075%,0.6022%,,,
$30.89,-0.2761%,0.0009%,0.0041%,0.2991%,0.6407%,,,
$30.80,-0.3077%,0.0011%,0.0038%,0.3306%,0.6181%,,,
$30.74,-0.1851%,0.0004%,0.0036%,0.2080%,0.5991%,,,
$31.02,0.9220%,0.0081%,0.0033%,0.8990%,0.5763%,,,
$31.14,0.3664%,0.0012%,0.0038%,0.3435%,0.6181%,,,
$31.17,0.0914%,0.0000%,0.0036%,0.0684%,0.5998%,,,
$31.19,0.0609%,0.0000%,0.0033%,0.0379%,0.5737%,,,
$31.17,-0.0609%,0.0001%,0.0030%,0.0838%,0.5495%,,,
$31.22,0.1825%,0.0003%,0.0028%,0.1596%,0.5276%,,,
$31.19,-0.1216%,0.0002%,0.0026%,0.1446%,0.5093%,,,
$31.23,0.1520%,0.0002%,0.0024%,0.1291%,0.4922%,,,
$31.38,0.4850%,0.0021%,0.0023%,0.4620%,0.4761%,,,
$31.48,0.3019%,0.0008%,0.0023%,0.2790%,0.4815%,,,
$31.78,0.9601%,0.0088%,0.0022%,0.9372%,0.4727%,,,
$31.81,0.0896%,0.0000%,0.0029%,0.0666%,0.5412%,,,
$31.91,0.2979%,0.0008%,0.0027%,0.2749%,0.5198%,,,
$31.81,-0.2979%,0.0010%,0.0026%,0.3208%,0.5069%,,,
$31.83,0.0597%,0.0000%,0.0025%,0.0367%,0.4980%,,,
$31.56,-0.8684%,0.0079%,0.0023%,0.8914%,0.4799%,,,
$31.43,-0.3918%,0.0017%,0.0029%,0.4147%,0.5394%,,,
$31.41,-0.0604%,0.0001%,0.0028%,0.0834%,0.5334%,,,
$31.58,0.5163%,0.0024%,0.0026%,0.4934%,0.5129%,,,
$31.76,0.5739%,0.0030%,0.0027%,0.5510%,0.5166%,,,
$32.00,0.7502%,0.0053%,0.0028%,0.7272%,0.5253%,,,
$32.02,0.0598%,0.0000%,0.0031%,0.0368%,0.5529%,,,
$31.90,-0.3592%,0.0015%,0.0028%,0.3821%,0.5302%,,,
$31.79,-0.3605%,0.0015%,0.0027%,0.3834%,0.5229%,,,
$31.94,0.4803%,0.0021%,0.0027%,0.4574%,0.5165%,,,
$31.97,0.0898%,0.0000%,0.0027%,0.0669%,0.5165%,,,
$31.94,-0.0898%,0.0001%,0.0025%,0.1128%,0.4971%,,,
$31.84,-0.3000%,0.0010%,0.0023%,0.3229%,0.4802%,,,
$31.87,0.0901%,0.0000%,0.0022%,0.0671%,0.4742%,,,
$31.86,-0.0300%,0.0000%,0.0021%,0.0530%,0.4585%,,,
$31.83,-0.0901%,0.0001%,0.0020%,0.1131%,0.4439%,,,
$31.85,0.0601%,0.0000%,0.0019%,0.0371%,0.4318%,,,
$31.85,0.0000%,0.0000%,0.0018%,0.0230%,0.4196%,,,
$31.90,0.1500%,0.0002%,0.0017%,0.1271%,0.4083%,,,
$32.01,0.3293%,0.0009%,0.0016%,0.3063%,0.4000%,,,
$32.11,0.3282%,0.0009%,0.0016%,0.3052%,0.4020%,,,
$31.84,-0.8376%,0.0074%,0.0016%,0.8605%,0.4036%,,,
$31.95,0.3299%,0.0009%,0.0023%,0.3070%,0.4757%,,,
$31.86,-0.2698%,0.0009%,0.0022%,0.2928%,0.4691%,,,
$31.81,-0.1803%,0.0004%,0.0021%,0.2032%,0.4623%,,,
$31.69,-0.3615%,0.0015%,0.0020%,0.3845%,0.4516%,,,
$31.63,-0.1813%,0.0004%,0.0021%,0.2042%,0.4533%,,,
$31.42,-0.6675%,0.0048%,0.0020%,0.6905%,0.4435%,,,
$31.17,-0.7946%,0.0067%,0.0023%,0.8176%,0.4803%,,,
$31.42,0.7946%,0.0060%,0.0028%,0.7717%,0.5284%,,,
$31.68,0.8186%,0.0063%,0.0031%,0.7956%,0.5612%,,,
$31.57,-0.3630%,0.0015%,0.0035%,0.3859%,0.5916%,,,
$31.36,-0.6689%,0.0048%,0.0033%,0.6919%,0.5783%,,,
$31.57,0.6689%,0.0042%,0.0035%,0.6459%,0.5937%,,,
$30.99,-1.8349%,0.0345%,0.0036%,1.8579%,0.6020%,,,
$30.92,-0.2472%,0.0007%,0.0066%,0.2702%,0.8142%,,,
$31.19,0.8933%,0.0076%,0.0060%,0.8703%,0.7766%,,,
$31.51,1.0069%,0.0097%,0.0062%,0.9839%,0.7850%,,,
$31.33,-0.5785%,0.0036%,0.0065%,0.6014%,0.8050%,,,
$31.50,0.5481%,0.0028%,0.0062%,0.5251%,0.7859%,,,
$31.41,-0.2737%,0.0009%,0.0058%,0.2966%,0.7634%,,,
$30.98,-1.3798%,0.0197%,0.0053%,1.4027%,0.7307%,,,
$31.07,0.2775%,0.0006%,0.0067%,0.2545%,0.8194%,,,
$31.29,0.7056%,0.0047%,0.0061%,0.6827%,0.7810%,,,
$31.45,0.5184%,0.0025%,0.0059%,0.4954%,0.7708%,,,
$31.69,0.7575%,0.0054%,0.0056%,0.7345%,0.7477%,,,
$31.81,0.3615%,0.0011%,0.0056%,0.3386%,0.7459%,,,
$31.73,-0.2409%,0.0007%,0.0051%,0.2639%,0.7164%,,,
$31.82,0.3011%,0.0008%,0.0047%,0.2781%,0.6861%,,,
$32.08,0.8083%,0.0062%,0.0043%,0.7853%,0.6588%,,,
$31.99,-0.2986%,0.0010%,0.0045%,0.3216%,0.6735%,,,
$31.92,-0.2096%,0.0005%,0.0042%,0.2325%,0.6491%,,,
$32.02,0.2992%,0.0008%,0.0039%,0.2763%,0.6231%,,,
$32.13,0.3579%,0.0011%,0.0036%,0.3349%,0.6010%,,,
$32.27,0.4456%,0.0018%,0.0034%,0.4226%,0.5838%,,,
$32.36,0.2664%,0.0006%,0.0033%,0.2434%,0.5738%,,,
$32.46,0.2952%,0.0007%,0.0031%,0.2722%,0.5545%,,,
$32.64,0.5584%,0.0029%,0.0029%,0.5354%,0.5383%,,,
$32.57,-0.2053%,0.0005%,0.0029%,0.2283%,0.5427%,,,
$32.70,0.4103%,0.0015%,0.0028%,0.3874%,0.5256%,,,
$32.75,0.1461%,0.0002%,0.0027%,0.1232%,0.5191%,,,
$32.69,-0.1754%,0.0004%,0.0025%,0.1983%,0.5005%,,,
$32.54,-0.4692%,0.0024%,0.0024%,0.4922%,0.4860%,,,
$32.53,-0.0294%,0.0000%,0.0024%,0.0524%,0.4930%,,,
$32.53,0.0000%,0.0000%,0.0023%,0.0230%,0.4754%,,,
$32.35,-0.5602%,0.0034%,0.0021%,0.5832%,0.4592%,,,
$32.34,-0.0298%,0.0000%,0.0023%,0.0528%,0.4797%,,,
$31.91,-1.3496%,0.0188%,0.0021%,1.3725%,0.4633%,,,
$31.60,-0.9709%,0.0099%,0.0038%,0.9938%,0.6179%,,,
$31.71,0.3652%,0.0012%,0.0044%,0.3422%,0.6657%,,,
$31.89,0.5453%,0.0027%,0.0041%,0.5223%,0.6431%,,,
$31.84,-0.1512%,0.0003%,0.0040%,0.1741%,0.6343%,,,
$31.57,-0.8508%,0.0076%,0.0037%,0.8738%,0.6077%,,,
$31.75,0.5781%,0.0031%,0.0041%,0.5552%,0.6407%,,,
$31.85,0.3030%,0.0008%,0.0040%,0.2800%,0.6349%,,,
$31.88,0.0907%,0.0000%,0.0037%,0.0677%,0.6120%,,,
$31.89,0.0302%,0.0000%,0.0034%,0.0073%,0.5850%,,,
$31.88,-0.0302%,0.0000%,0.0031%,0.0532%,0.5597%,,,
$31.88,0.0000%,0.0000%,0.0029%,0.0230%,0.5366%,,,
$31.80,-0.2420%,0.0007%,0.0027%,0.2650%,0.5152%,,,
$31.87,0.2119%,0.0004%,0.0025%,0.1889%,0.5023%,,,
$31.83,-0.1210%,0.0002%,0.0024%,0.1440%,0.4872%,,,
$31.76,-0.2121%,0.0006%,0.0022%,0.2350%,0.4720%,,,
$31.83,0.2121%,0.0004%,0.0021%,0.1891%,0.4618%,,,
$31.91,0.2418%,0.0005%,0.0020%,0.2189%,0.4505%,,,
$31.88,-0.0906%,0.0001%,0.0020%,0.1136%,0.4416%,,,
$31.93,0.1510%,0.0002%,0.0018%,0.1280%,0.4297%,,,
$32.08,0.4817%,0.0021%,0.0018%,0.4587%,0.4194%,,,
$32.03,-0.1503%,0.0003%,0.0019%,0.1732%,0.4322%,,,
$32.27,0.7491%,0.0053%,0.0018%,0.7261%,0.4231%,,,
$32.43,0.4765%,0.0021%,0.0022%,0.4535%,0.4691%,,,
$32.47,0.1188%,0.0001%,0.0023%,0.0958%,0.4746%,,,
$32.58,0.3555%,0.0011%,0.0021%,0.3325%,0.4593%,,,
$32.70,0.3542%,0.0011%,0.0021%,0.3312%,0.4562%,,,
$32.83,0.4116%,0.0015%,0.0021%,0.3887%,0.4534%,,,
$32.82,-0.0294%,0.0000%,0.0021%,0.0523%,0.4552%,,,
$32.88,0.1760%,0.0002%,0.0019%,0.1530%,0.4410%,,,
$32.99,0.3218%,0.0009%,0.0019%,0.2988%,0.4303%,,,
$33.01,0.0584%,0.0000%,0.0018%,0.0354%,0.4282%,,,
$33.12,0.3497%,0.0011%,0.0017%,0.3267%,0.4162%,,,
$33.11,-0.0291%,0.0000%,0.0017%,0.0521%,0.4177%,,,
$33.10,-0.0291%,0.0000%,0.0017%,0.0521%,0.4069%,,,
$33.08,-0.0582%,0.0001%,0.0016%,0.0812%,0.3972%,,,
$33.07,-0.0291%,0.0000%,0.0015%,0.0521%,0.3888%,,,
$32.99,-0.2625%,0.0008%,0.0015%,0.2855%,0.3808%,,,
$33.15,0.4953%,0.0022%,0.0015%,0.4723%,0.3836%,,,
$33.16,0.0290%,0.0000%,0.0016%,0.0061%,0.4033%,,,
$33.29,0.3770%,0.0013%,0.0015%,0.3540%,0.3936%,,,
$33.32,0.1157%,0.0001%,0.0016%,0.0927%,0.4001%,,,
$33.20,-0.3765%,0.0016%,0.0015%,0.3995%,0.3917%,,,
$33.06,-0.4071%,0.0018%,0.0016%,0.4301%,0.4026%,,,
$32.89,-0.5259%,0.0030%,0.0017%,0.5488%,0.4149%,,,
$32.90,0.0293%,0.0000%,0.0019%,0.0063%,0.4385%,,,
$32.79,-0.3227%,0.0012%,0.0018%,0.3456%,0.4254%,,,
$33.08,0.8775%,0.0073%,0.0018%,0.8545%,0.4272%,,,
$33.00,-0.2624%,0.0008%,0.0024%,0.2854%,0.4926%,,,
$32.99,-0.0292%,0.0000%,0.0023%,0.0522%,0.4829%,,,
$33.01,0.0584%,0.0000%,0.0022%,0.0354%,0.4663%,,,
$33.07,0.2041%,0.0003%,0.0020%,0.1812%,0.4509%,,,
$33.16,0.2618%,0.0006%,0.0019%,0.2388%,0.4403%,,,
$33.29,0.4059%,0.0015%,0.0019%,0.3830%,0.4335%,,,
$33.34,0.1446%,0.0001%,0.0019%,0.1216%,0.4373%,,,
$33.27,-0.2314%,0.0006%,0.0018%,0.2544%,0.4261%,,,
$33.33,0.2025%,0.0003%,0.0018%,0.1796%,0.4216%,,,
$33.45,0.3462%,0.0010%,0.0017%,0.3233%,0.4139%,,,
$33.46,0.0288%,0.0000%,0.0017%,0.0058%,0.4154%,,,
$33.56,0.3162%,0.0009%,0.0016%,0.2933%,0.4045%,,,
$33.55,-0.0574%,0.0001%,0.0016%,0.0804%,0.4050%,,,
$33.45,-0.2926%,0.0010%,0.0016%,0.3155%,0.3958%,,,
$33.38,-0.2033%,0.0005%,0.0016%,0.2262%,0.3990%,,,
$33.46,0.2323%,0.0004%,0.0016%,0.2093%,0.3959%,,,
$33.39,-0.2032%,0.0005%,0.0015%,0.2262%,0.3923%,,,
$33.47,0.2467%,0.0005%,0.0015%,0.2238%,0.3900%,,,
$33.61,0.4195%,0.0016%,0.0015%,0.3965%,0.3878%,,,
$33.60,-0.0289%,0.0000%,0.0016%,0.0518%,0.3989%,,,
$33.76,0.4609%,0.0019%,0.0015%,0.4380%,0.3899%,,,
$33.76,0.0000%,0.0000%,0.0016%,0.0230%,0.4049%,,,
$33.87,0.3443%,0.0010%,0.0016%,0.3214%,0.3951%,,,
$33.97,0.2860%,0.0007%,0.0016%,0.2631%,0.3988%,,,
$34.08,0.3137%,0.0008%,0.0016%,0.2908%,0.3979%,,,
$34.22,0.4262%,0.0016%,0.0016%,0.4032%,0.3990%,,,
$34.36,0.3962%,0.0014%,0.0017%,0.3732%,0.4092%,,,
$34.46,0.2820%,0.0007%,0.0017%,0.2591%,0.4154%,,,
$34.40,-0.1691%,0.0004%,0.0017%,0.1921%,0.4124%,,,
$34.45,0.1409%,0.0001%,0.0016%,0.1180%,0.4061%,,,
$34.52,0.2251%,0.0004%,0.0016%,0.2022%,0.3978%,,,
$34.39,-0.3943%,0.0017%,0.0015%,0.4172%,0.3936%,,,
$34.14,-0.7363%,0.0058%,0.0016%,0.7593%,0.4059%,,,
$34.26,0.3689%,0.0012%,0.0021%,0.3459%,0.4606%,,,
$34.26,0.0000%,0.0000%,0.0021%,0.0230%,0.4583%,,,
$34.24,-0.0567%,0.0001%,0.0020%,0.0796%,0.4436%,,,
$33.90,-0.9967%,0.0104%,0.0019%,1.0197%,0.4308%,,,
$34.00,0.2858%,0.0007%,0.0028%,0.2628%,0.5245%,,,
$34.26,0.7676%,0.0055%,0.0026%,0.7447%,0.5106%,,,
$34.54,0.8179%,0.0063%,0.0029%,0.7950%,0.5428%,,,
$34.75,0.5882%,0.0032%,0.0033%,0.5652%,0.5762%,,,
$34.56,-0.5320%,0.0031%,0.0034%,0.5550%,0.5788%,,,
$34.70,0.3923%,0.0014%,0.0034%,0.3693%,0.5801%,,,
$34.79,0.2514%,0.0005%,0.0032%,0.2284%,0.5669%,,,
$34.89,0.3064%,0.0008%,0.0030%,0.2834%,0.5476%,,,
$34.85,-0.1113%,0.0002%,0.0028%,0.1342%,0.5326%,,,
$34.93,0.2225%,0.0004%,0.0026%,0.1995%,0.5131%,,,
$34.94,0.0278%,0.0000%,0.0025%,0.0048%,0.4975%,,,
$35.07,0.3604%,0.0011%,0.0023%,0.3374%,0.4793%,,,
$35.13,0.1659%,0.0002%,0.0022%,0.1429%,0.4743%,,,
$34.93,-0.5540%,0.0033%,0.0021%,0.5770%,0.4602%,,,
$34.38,-1.5960%,0.0262%,0.0023%,1.6190%,0.4798%,,,
$33.62,-2.2261%,0.0506%,0.0047%,2.2491%,0.6830%,,,
$33.35,-0.8114%,0.0070%,0.0091%,0.8343%,0.9535%,,,
$32.78,-1.7315%,0.0308%,0.0088%,1.7545%,0.9382%,,,
$31.92,-2.6396%,0.0709%,0.0108%,2.6626%,1.0410%,,,
$32.38,1.4185%,0.0195%,0.0165%,1.3955%,1.2841%,,,
$32.13,-0.7822%,0.0065%,0.0165%,0.8052%,1.2856%,,,
$32.78,2.0033%,0.0392%,0.0153%,1.9804%,1.2376%,,,
$32.34,-1.3411%,0.0186%,0.0174%,1.3641%,1.3188%,,,
$31.60,-2.3066%,0.0543%,0.0172%,2.3296%,1.3132%,,,
$28.28,-11.1280%,1.2434%,0.0205%,11.1509%,1.4332%,,,
$29.16,3.0751%,0.0932%,0.1378%,3.0521%,3.7118%,,,
$27.80,-4.7709%,0.2298%,0.1306%,4.7939%,3.6137%,,,
$24.48,-12.7120%,1.6218%,0.1374%,12.7349%,3.7066%,,,
$26.77,8.9420%,0.7955%,0.2772%,8.9190%,5.2650%,,,
$24.17,-10.2184%,1.0489%,0.3211%,10.2414%,5.6664%,,,
$24.84,2.7323%,0.0734%,0.3841%,2.7093%,6.1980%,,,
$23.08,-7.3327%,0.5411%,0.3460%,7.3557%,5.8821%,,,
$23.76,2.8999%,0.0828%,0.3573%,2.8770%,5.9774%,,,
$23.22,-2.3132%,0.0546%,0.3232%,2.3361%,5.6852%,,,
$22.02,-5.3209%,0.2856%,0.2904%,5.3438%,5.3892%,,,
$24.70,11.5184%,1.3215%,0.2837%,11.4955%,5.3267%,,,
$25.64,3.7013%,0.1353%,0.3774%,3.6783%,6.1434%,,,
$26.22,2.2456%,0.0494%,0.3460%,2.2227%,5.8822%,,,
$24.87,-5.2814%,0.2814%,0.3100%,5.3043%,5.5681%,,,
$25.60,2.8842%,0.0819%,0.3006%,2.8613%,5.4829%,,,
$26.25,2.5156%,0.0621%,0.2731%,2.4926%,5.2262%,,,
$25.31,-3.6354%,0.1338%,0.2470%,3.6583%,4.9698%,,,
$25.68,1.4548%,0.0205%,0.2308%,1.4319%,4.8045%,,,
$25.41,-1.0699%,0.0119%,0.2057%,1.0929%,4.5352%,,,
$26.74,5.0928%,0.2570%,0.1827%,5.0699%,4.2740%,,,
$26.77,0.1095%,0.0001%,0.1859%,0.0865%,4.3121%,,,
$27.41,2.3785%,0.0555%,0.1641%,2.3555%,4.0512%,,,
$27.87,1.6599%,0.0268%,0.1502%,1.6370%,3.8757%,,,
$27.69,-0.6325%,0.0043%,0.1352%,0.6554%,3.6766%,,,
$28.04,1.2261%,0.0145%,0.1198%,1.2032%,3.4605%,,,
$27.46,-2.0757%,0.0440%,0.1071%,2.0987%,3.2731%,,,
$27.32,-0.4989%,0.0027%,0.0988%,0.5219%,3.1438%,,,
$28.21,3.1994%,0.1009%,0.0876%,3.1765%,2.9589%,,,
$28.30,0.3109%,0.0008%,0.0870%,0.2880%,2.9502%,,,
$27.45,-3.0470%,0.0942%,0.0770%,3.0699%,2.7742%,,,
$28.13,2.4589%,0.0593%,0.0771%,2.4359%,2.7759%,,,
$28.05,-0.3128%,0.0011%,0.0738%,0.3357%,2.7163%,,,
$28.45,1.4170%,0.0194%,0.0653%,1.3940%,2.5553%,,,
$28.84,1.3634%,0.0180%,0.0596%,1.3404%,2.4408%,,,
$29.15,1.0774%,0.0111%,0.0544%,1.0545%,2.3321%,,,
$30.02,2.9370%,0.0849%,0.0492%,2.9141%,2.2171%,,,
$29.19,-2.8032%,0.0799%,0.0516%,2.8261%,2.2723%,,,
$28.81,-1.3129%,0.0178%,0.0533%,1.3359%,2.3094%,,,
$29.04,0.8100%,0.0062%,0.0489%,0.7870%,2.2106%,,,
$29.21,0.5698%,0.0030%,0.0438%,0.5468%,2.0931%,,,
$29.27,0.2003%,0.0003%,0.0390%,0.1774%,1.9760%,,,
$29.26,-0.0334%,0.0000%,0.0346%,0.0563%,1.8596%,,,
$29.51,0.8638%,0.0071%,0.0306%,0.8408%,1.7498%,,,
$29.79,0.9547%,0.0087%,0.0278%,0.9318%,1.6673%,,,
$29.33,-1.5520%,0.0248%,0.0255%,1.5749%,1.5959%,,,
$28.61,-2.4934%,0.0633%,0.0250%,2.5164%,1.5800%,,,
$28.61,0.0000%,0.0000%,0.0282%,0.0230%,1.6798%,,,
$28.93,1.1196%,0.0120%,0.0250%,1.0966%,1.5813%,,,
$29.39,1.5733%,0.0240%,0.0233%,1.5503%,1.5272%,,,
$29.66,0.8927%,0.0076%,0.0230%,0.8697%,1.5165%,,,
$29.42,-0.7931%,0.0067%,0.0211%,0.8161%,1.4534%,,,
$29.46,0.1326%,0.0001%,0.0194%,0.1097%,1.3924%,,,
$29.80,1.1530%,0.0128%,0.0172%,1.1301%,1.3124%,,,
$29.92,0.3923%,0.0014%,0.0165%,0.3693%,1.2859%,,,
$30.18,0.8771%,0.0073%,0.0148%,0.8541%,1.2177%,,,
$30.17,-0.0323%,0.0000%,0.0139%,0.0553%,1.1788%,,,
$29.99,-0.6166%,0.0041%,0.0124%,0.6396%,1.1123%,,,
$30.12,0.4547%,0.0019%,0.0114%,0.4317%,1.0686%,,,
$30.42,0.9674%,0.0089%,0.0104%,0.9445%,1.0181%,,,
$30.79,1.2121%,0.0141%,0.0101%,1.1892%,1.0057%,,,
$30.69,-0.3176%,0.0012%,0.0104%,0.3405%,1.0196%,,,
$31.32,2.0152%,0.0397%,0.0094%,1.9922%,0.9692%,,,
$31.53,0.6834%,0.0044%,0.0122%,0.6605%,1.1052%,,,
$31.29,-0.7770%,0.0064%,0.0113%,0.8000%,1.0634%,,,
$31.07,-0.6888%,0.0051%,0.0107%,0.7118%,1.0346%,,,
$29.77,-4.2683%,0.1841%,0.0100%,4.2912%,1.0021%,,,
$30.19,1.4000%,0.0190%,0.0267%,1.3770%,1.6332%,,,
$30.38,0.6124%,0.0035%,0.0255%,0.5895%,1.5957%,,,
$30.67,0.9594%,0.0088%,0.0229%,0.9364%,1.5135%,,,
$30.50,-0.5745%,0.0036%,0.0212%,0.5975%,1.4547%,,,
$30.60,0.3515%,0.0011%,0.0191%,0.3285%,1.3828%,,,
$30.60,0.0000%,0.0000%,0.0171%,0.0230%,1.3071%,,,
$30.68,0.2379%,0.0005%,0.0152%,0.2150%,1.2322%,,,
$30.74,0.2245%,0.0004%,0.0136%,0.2016%,1.1640%,,,
$30.24,-1.6476%,0.0279%,0.0121%,1.6705%,1.1002%,,,
$30.49,0.8110%,0.0062%,0.0135%,0.7881%,1.1608%,,,
$30.03,-1.5302%,0.0241%,0.0126%,1.5532%,1.1223%,,,
$30.46,1.4332%,0.0199%,0.0135%,1.4103%,1.1637%,,,
$30.69,0.7411%,0.0052%,0.0140%,0.7181%,1.1820%,,,
$30.89,0.6719%,0.0042%,0.0129%,0.6489%,1.1372%,,,
$30.84,-0.1596%,0.0003%,0.0119%,0.1825%,1.0920%,,,
$30.99,0.4779%,0.0021%,0.0107%,0.4550%,1.0327%,,,
$30.85,-0.4460%,0.0022%,0.0097%,0.4690%,0.9859%,,,
$30.91,0.1914%,0.0003%,0.0089%,0.1684%,0.9433%,,,
$30.80,-0.3512%,0.0014%,0.0080%,0.3741%,0.8939%,,,
$31.08,0.8914%,0.0075%,0.0073%,0.8685%,0.8542%,,,
$30.95,-0.4129%,0.0019%,0.0073%,0.4358%,0.8529%,,,
$31.49,1.7353%,0.0293%,0.0067%,1.7124%,0.8193%,,,
$31.79,0.9340%,0.0083%,0.0089%,0.9110%,0.9410%,,,
$31.72,-0.2172%,0.0006%,0.0087%,0.2401%,0.9339%,,,
$31.94,0.6809%,0.0043%,0.0079%,0.6579%,0.8867%,,,
$32.04,0.3080%,0.0008%,0.0075%,0.2850%,0.8640%,,,
$32.01,-0.0923%,0.0001%,0.0068%,0.1153%,0.8232%,,,
$32.04,0.0923%,0.0000%,0.0061%,0.0693%,0.7813%,,,
$31.74,-0.9268%,0.0090%,0.0055%,0.9497%,0.7418%,,,
$31.68,-0.1864%,0.0004%,0.0058%,0.2094%,0.7638%,,,
$32.02,1.0517%,0.0106%,0.0053%,1.0287%,0.7282%,,,
$31.97,-0.1540%,0.0003%,0.0058%,0.1769%,0.7621%,,,
$32.33,1.1337%,0.0123%,0.0053%,1.1108%,0.7258%,,,
$32.33,0.0000%,0.0000%,0.0059%,0.0230%,0.7711%,,,
$32.06,-0.8261%,0.0072%,0.0054%,0.8490%,0.7321%,,,
$32.47,1.2517%,0.0151%,0.0055%,1.2288%,0.7439%,,,
$32.72,0.7857%,0.0058%,0.0064%,0.7628%,0.8029%,,,
$32.88,0.4655%,0.0020%,0.0064%,0.4425%,0.7975%,,,
$32.82,-0.1649%,0.0004%,0.0059%,0.1879%,0.7689%,,,
$32.92,0.2997%,0.0008%,0.0054%,0.2767%,0.7323%,,,
$32.72,-0.6002%,0.0039%,0.0049%,0.6232%,0.7013%,,,
$32.91,0.5703%,0.0030%,0.0048%,0.5473%,0.6946%,,,
$32.80,-0.3298%,0.0012%,0.0047%,0.3527%,0.6825%,,,
$32.81,0.0300%,0.0000%,0.0043%,0.0071%,0.6589%,,,
$33.09,0.8371%,0.0066%,0.0039%,0.8141%,0.6280%,,,
$33.02,-0.2086%,0.0005%,0.0042%,0.2316%,0.6504%,,,
$32.91,-0.3287%,0.0012%,0.0039%,0.3517%,0.6242%,,,
$32.99,0.2392%,0.0005%,0.0037%,0.2162%,0.6058%,,,
$32.80,-0.5689%,0.0035%,0.0034%,0.5919%,0.5828%,,,
$33.02,0.6436%,0.0039%,0.0034%,0.6206%,0.5871%,,,
$33.04,0.0746%,0.0000%,0.0035%,0.0516%,0.5937%,,,
$33.36,0.9496%,0.0086%,0.0032%,0.9266%,0.5679%,,,
$33.26,-0.2958%,0.0010%,0.0038%,0.3187%,0.6152%,,,
$33.22,-0.1185%,0.0002%,0.0035%,0.1415%,0.5958%,,,
$32.77,-1.3435%,0.0187%,0.0033%,1.3665%,0.5713%,,,
$33.05,0.8381%,0.0066%,0.0048%,0.8151%,0.6920%,,,
$33.19,0.4164%,0.0015%,0.0050%,0.3935%,0.7054%,,,
$32.71,-1.4651%,0.0221%,0.0047%,1.4881%,0.6821%,,,
$32.25,-1.3952%,0.0201%,0.0063%,1.4182%,0.7966%,,,
$31.99,-0.8281%,0.0072%,0.0076%,0.8511%,0.8744%,,,
$32.59,1.8612%,0.0338%,0.0076%,1.8383%,0.8691%,,,
$32.19,-1.2165%,0.0154%,0.0100%,1.2395%,1.0013%,,,
$32.24,0.1529%,0.0002%,0.0104%,0.1299%,1.0215%,,,
$32.54,0.9124%,0.0079%,0.0093%,0.8895%,0.9661%,,,
$32.68,0.4230%,0.0016%,0.0091%,0.4000%,0.9543%,,,
$32.39,-0.8781%,0.0081%,0.0083%,0.9011%,0.9110%,,,
$32.29,-0.3046%,0.0011%,0.0082%,0.3276%,0.9064%,,,
$32.16,-0.3974%,0.0018%,0.0075%,0.4203%,0.8639%,,,
$31.77,-1.2327%,0.0158%,0.0069%,1.2556%,0.8287%,,,
$32.11,1.0794%,0.0112%,0.0077%,1.0565%,0.8767%,,,
$31.50,-1.9202%,0.0378%,0.0080%,1.9431%,0.8926%,,,
$31.64,0.4368%,0.0017%,0.0108%,0.4139%,1.0378%,,,
$31.95,0.9605%,0.0088%,0.0098%,0.9375%,0.9889%,,,
$32.31,1.1345%,0.0124%,0.0096%,1.1115%,0.9790%,,,
$32.27,-0.1220%,0.0002%,0.0098%,0.1450%,0.9877%,,,
$32.09,-0.5804%,0.0036%,0.0087%,0.6033%,0.9348%,,,
$32.18,0.3091%,0.0008%,0.0082%,0.2862%,0.9040%,,,
$32.22,0.1234%,0.0001%,0.0074%,0.1004%,0.8603%,,,
$32.65,1.3168%,0.0167%,0.0067%,1.2939%,0.8155%,,,
$32.33,-0.9783%,0.0100%,0.0076%,1.0013%,0.8712%,,,
$32.69,1.0999%,0.0116%,0.0078%,1.0770%,0.8816%,,,
$32.94,0.7568%,0.0054%,0.0081%,0.7338%,0.8991%,,,
$32.98,0.1206%,0.0001%,0.0078%,0.0976%,0.8811%,,,
$32.89,-0.2715%,0.0009%,0.0070%,0.2944%,0.8349%,,,
$32.76,-0.3934%,0.0017%,0.0063%,0.4164%,0.7966%,,,
$32.86,0.3028%,0.0008%,0.0059%,0.2798%,0.7666%,,,
$32.72,-0.4241%,0.0020%,0.0054%,0.4471%,0.7330%,,,
$32.42,-0.9149%,0.0088%,0.0050%,0.9379%,0.7103%,,,
$32.40,-0.0613%,0.0001%,0.0054%,0.0843%,0.7355%,,,
$32.30,-0.3070%,0.0011%,0.0049%,0.3300%,0.6995%,,,
$32.39,0.2764%,0.0006%,0.0045%,0.2534%,0.6734%,,,
$32.44,0.1532%,0.0002%,0.0042%,0.1303%,0.6462%,,,
$32.03,-1.2943%,0.0174%,0.0038%,1.3173%,0.6175%,,,
$31.92,-0.3418%,0.0013%,0.0051%,0.3647%,0.7173%,,,
$31.04,-2.7771%,0.0784%,0.0048%,2.8000%,0.6914%,,,
$31.21,0.5425%,0.0027%,0.0119%,0.5196%,1.0894%,,,
$31.05,-0.5105%,0.0028%,0.0108%,0.5335%,1.0412%,,,
$31.25,0.6378%,0.0038%,0.0100%,0.6148%,0.9975%,,,
$31.78,1.6706%,0.0271%,0.0093%,1.6477%,0.9620%,,,
$31.88,0.3121%,0.0008%,0.0109%,0.2892%,1.0434%,,,
$32.45,1.7913%,0.0313%,0.0098%,1.7683%,0.9898%,,,
$32.43,-0.0612%,0.0001%,0.0118%,0.0842%,1.0845%,,,
$32.84,1.2479%,0.0150%,0.0105%,1.2250%,1.0244%,,,
$33.13,0.8734%,0.0072%,0.0108%,0.8504%,1.0398%,,,
$33.45,0.9549%,0.0087%,0.0103%,0.9320%,1.0172%,,,
$33.07,-1.1350%,0.0134%,0.0101%,1.1580%,1.0037%,,,
$33.27,0.5990%,0.0033%,0.0103%,0.5760%,1.0144%,,,
$33.68,1.2463%,0.0150%,0.0095%,1.2233%,0.9751%,,,
$33.81,0.3826%,0.0013%,0.0099%,0.3597%,0.9970%,,,
$33.71,-0.2942%,0.0010%,0.0090%,0.3172%,0.9490%,,,
$33.77,0.1766%,0.0002%,0.0082%,0.1537%,0.9030%,,,
$33.99,0.6450%,0.0039%,0.0073%,0.6220%,0.8561%,,,
$34.17,0.5246%,0.0025%,0.0069%,0.5017%,0.8337%,,,
$34.57,1.1561%,0.0128%,0.0065%,1.1331%,0.8054%,,,
$34.65,0.2296%,0.0004%,0.0071%,0.2067%,0.8408%,,,
$34.69,0.1146%,0.0001%,0.0064%,0.0916%,0.7994%,,,
$34.82,0.3716%,0.0012%,0.0058%,0.3486%,0.7589%,,,
$34.49,-0.9460%,0.0094%,0.0053%,0.9689%,0.7287%,,,
$34.60,0.3163%,0.0009%,0.0057%,0.2934%,0.7550%,,,
$34.75,0.4297%,0.0017%,0.0052%,0.4068%,0.7228%,,,
$34.84,0.2570%,0.0005%,0.0049%,0.2340%,0.6987%,,,
$35.09,0.7387%,0.0051%,0.0045%,0.7157%,0.6688%,,,
$35.22,0.3673%,0.0012%,0.0046%,0.3443%,0.6746%,,,
$35.36,0.3940%,0.0014%,0.0042%,0.3711%,0.6513%,,,
$35.23,-0.3658%,0.0015%,0.0040%,0.3888%,0.6315%,,,
$35.29,0.1690%,0.0002%,0.0038%,0.1461%,0.6146%,,,
$35.21,-0.2254%,0.0006%,0.0035%,0.2484%,0.5888%,,,
$34.87,-0.9922%,0.0103%,0.0032%,1.0152%,0.5684%,,,
$35.11,0.7097%,0.0047%,0.0040%,0.6868%,0.6289%,,,
$35.23,0.3389%,0.0010%,0.0041%,0.3159%,0.6368%,,,
$35.40,0.4781%,0.0021%,0.0038%,0.4552%,0.6154%,,,
$35.16,-0.6757%,0.0049%,0.0037%,0.6986%,0.6045%,,,
$35.12,-0.1131%,0.0002%,0.0038%,0.1360%,0.6169%,,,
$35.21,0.2542%,0.0005%,0.0035%,0.2312%,0.5907%,,,
$35.30,0.2536%,0.0005%,0.0032%,0.2306%,0.5695%,,,
$35.36,0.1687%,0.0002%,0.0030%,0.1457%,0.5501%,,,
$35.22,-0.3940%,0.0017%,0.0028%,0.4170%,0.5295%,,,
$35.24,0.0454%,0.0000%,0.0028%,0.0225%,0.5248%,,,
$34.99,-0.7119%,0.0054%,0.0025%,0.7349%,0.5043%,,,
